-- phpMyAdmin SQL Dump
-- version 4.7.7
-- https://www.phpmyadmin.net/
--
-- Хост: 127.0.0.1:3306
-- Время создания: Ноя 25 2018 г., 18:56
-- Версия сервера: 5.6.38
-- Версия PHP: 7.0.26

SET SQL_MODE = "NO_AUTO_VALUE_ON_ZERO";
SET AUTOCOMMIT = 0;
START TRANSACTION;
SET time_zone = "+00:00";


/*!40101 SET @OLD_CHARACTER_SET_CLIENT=@@CHARACTER_SET_CLIENT */;
/*!40101 SET @OLD_CHARACTER_SET_RESULTS=@@CHARACTER_SET_RESULTS */;
/*!40101 SET @OLD_COLLATION_CONNECTION=@@COLLATION_CONNECTION */;
/*!40101 SET NAMES utf8mb4 */;

--
-- База данных: `api`
--

-- --------------------------------------------------------

--
-- Структура таблицы `migrations`
--

CREATE TABLE `migrations` (
  `id` int(10) UNSIGNED NOT NULL,
  `migration` varchar(191) COLLATE utf8mb4_unicode_ci NOT NULL,
  `batch` int(11) NOT NULL
) ENGINE=InnoDB DEFAULT CHARSET=utf8mb4 COLLATE=utf8mb4_unicode_ci;

--
-- Дамп данных таблицы `migrations`
--

INSERT INTO `migrations` (`id`, `migration`, `batch`) VALUES
(1, '2014_10_12_000000_create_users_table', 1),
(2, '2014_10_12_100000_create_password_resets_table', 1),
(3, '2018_11_25_125222_create_products_table', 1),
(4, '2018_11_25_125304_create_reviewes_table', 1);

-- --------------------------------------------------------

--
-- Структура таблицы `password_resets`
--

CREATE TABLE `password_resets` (
  `email` varchar(191) COLLATE utf8mb4_unicode_ci NOT NULL,
  `token` varchar(191) COLLATE utf8mb4_unicode_ci NOT NULL,
  `created_at` timestamp NULL DEFAULT NULL
) ENGINE=InnoDB DEFAULT CHARSET=utf8mb4 COLLATE=utf8mb4_unicode_ci;

-- --------------------------------------------------------

--
-- Структура таблицы `products`
--

CREATE TABLE `products` (
  `id` int(10) UNSIGNED NOT NULL,
  `name` varchar(191) COLLATE utf8mb4_unicode_ci NOT NULL,
  `detail` text COLLATE utf8mb4_unicode_ci NOT NULL,
  `price` int(11) NOT NULL,
  `stock` int(11) NOT NULL,
  `discount` int(11) NOT NULL,
  `created_at` timestamp NULL DEFAULT NULL,
  `updated_at` timestamp NULL DEFAULT NULL
) ENGINE=InnoDB DEFAULT CHARSET=utf8mb4 COLLATE=utf8mb4_unicode_ci;

--
-- Дамп данных таблицы `products`
--

INSERT INTO `products` (`id`, `name`, `detail`, `price`, `stock`, `discount`, `created_at`, `updated_at`) VALUES
(1, 'nesciunt', 'Dolores commodi ipsum consequuntur aliquam. Et sit eum enim itaque architecto. Nobis omnis impedit aut distinctio dolorem. Iusto magni magnam ut dolorem adipisci deserunt voluptatibus.', 704, 5, 26, '2018-11-25 13:51:34', '2018-11-25 13:51:34'),
(2, 'exercitationem', 'Nulla est placeat quaerat nihil. Repudiandae tempore et pariatur. Eos at necessitatibus vitae omnis hic est minima. Voluptas provident cumque illum et dignissimos.', 820, 1, 21, '2018-11-25 13:51:34', '2018-11-25 13:51:34'),
(3, 'error', 'Natus iste eum nulla fuga. Modi cum quia eum qui molestiae. Optio quam nihil qui cumque.', 153, 0, 18, '2018-11-25 13:51:34', '2018-11-25 13:51:34'),
(4, 'rem', 'Facilis voluptas at excepturi dicta alias necessitatibus doloribus. Deleniti aut fuga quia iste ipsam. Vero aut occaecati repellendus repellendus.', 448, 1, 27, '2018-11-25 13:51:34', '2018-11-25 13:51:34'),
(5, 'quia', 'Ducimus est inventore animi qui inventore enim. Doloribus quasi nobis et voluptate numquam architecto omnis. Sit totam et vel omnis non officiis consequatur. Aut est reprehenderit ex.', 968, 4, 19, '2018-11-25 13:51:34', '2018-11-25 13:51:34'),
(6, 'et', 'Ea qui quia sit ab. Velit sint eum commodi aut libero. Nisi quo alias et asperiores vero.', 700, 2, 18, '2018-11-25 13:51:34', '2018-11-25 13:51:34'),
(7, 'suscipit', 'Eveniet rerum cupiditate delectus libero in et dignissimos neque. Impedit ea voluptas ipsam et eveniet omnis. Labore quidem deserunt dolores occaecati.', 869, 6, 16, '2018-11-25 13:51:34', '2018-11-25 13:51:34'),
(8, 'ratione', 'Aut quod doloremque nihil voluptas qui accusantium. Officiis et exercitationem qui voluptas repellat dolor. Voluptas unde natus occaecati aliquid.', 826, 6, 11, '2018-11-25 13:51:34', '2018-11-25 13:51:34'),
(9, 'nemo', 'Eaque pariatur ut voluptatibus quas optio. Aut ratione rem adipisci. Velit voluptatibus quisquam quia maiores fugit. Minus vero in natus. Exercitationem rerum in vel harum.', 389, 6, 20, '2018-11-25 13:51:34', '2018-11-25 13:51:34'),
(10, 'soluta', 'Sed officia est error sint quasi quam libero sit. Inventore est laudantium est nihil. Eos quibusdam molestias ut et rerum quisquam. Quia beatae illum exercitationem ut vel qui voluptate.', 139, 7, 10, '2018-11-25 13:51:34', '2018-11-25 13:51:34'),
(11, 'enim', 'Autem commodi sit nam veritatis sed facilis error. Maxime iusto quia rem consequatur sapiente ut dolore quis. Reprehenderit excepturi maxime recusandae. Quia aut consequuntur sequi quo cumque et deleniti.', 858, 2, 14, '2018-11-25 13:51:34', '2018-11-25 13:51:34'),
(12, 'debitis', 'Id et et qui autem ipsa voluptate placeat voluptatum. Sed nihil error labore eum nihil magni nam.', 668, 7, 8, '2018-11-25 13:51:34', '2018-11-25 13:51:34'),
(13, 'atque', 'Doloremque ipsam impedit iste est sint sed sit. Porro similique in aliquid quam impedit aperiam. In doloribus quas qui qui et eius. Ex porro voluptatem aut ut quia voluptatum quia explicabo.', 344, 2, 13, '2018-11-25 13:51:34', '2018-11-25 13:51:34'),
(14, 'earum', 'Quaerat sed rerum fuga veniam deleniti. Eius ratione id delectus explicabo eaque rerum. Dolor quos voluptatem dolores velit et cum omnis. Natus quasi esse asperiores eveniet facilis accusantium expedita culpa.', 458, 9, 3, '2018-11-25 13:51:34', '2018-11-25 13:51:34'),
(15, 'cum', 'Ab pariatur accusantium fugiat alias ipsa molestias. Voluptatem odit reprehenderit aut officia ullam qui aut. Est qui est eum recusandae. Consequatur in in quidem et error ea nostrum.', 592, 7, 4, '2018-11-25 13:51:34', '2018-11-25 13:51:34'),
(16, 'nihil', 'Accusantium consequatur soluta nobis assumenda itaque ut. Ipsum rerum qui velit qui. Autem ut velit maiores.', 612, 0, 2, '2018-11-25 13:51:34', '2018-11-25 13:51:34'),
(17, 'ullam', 'Mollitia vero aut culpa dolorem quia. Ut aut molestiae excepturi. Et asperiores eum porro laudantium aut voluptatem et.', 184, 4, 11, '2018-11-25 13:51:34', '2018-11-25 13:51:34'),
(18, 'maxime', 'Ut est sunt eos animi sint. At est ut adipisci nisi. Incidunt quo et odit quaerat dolore soluta in sed. Repellendus suscipit aut debitis et.', 926, 9, 12, '2018-11-25 13:51:34', '2018-11-25 13:51:34'),
(19, 'quos', 'Perferendis nihil explicabo corporis omnis debitis incidunt. Porro fuga sit quidem a nostrum totam et. Veritatis qui enim quod alias. Eveniet aut dicta tempore asperiores.', 342, 7, 4, '2018-11-25 13:51:34', '2018-11-25 13:51:34'),
(20, 'cupiditate', 'Incidunt labore earum quasi qui. In itaque architecto voluptatem laborum fuga tempore eveniet. Natus et et eligendi ut consequatur. Dolorum tempora quaerat expedita omnis aut reiciendis nostrum.', 192, 3, 6, '2018-11-25 13:51:34', '2018-11-25 13:51:34'),
(21, 'optio', 'Aut ipsam provident labore aliquid porro voluptatem adipisci. Temporibus amet animi distinctio. Velit qui aut fugit qui eveniet. Praesentium qui esse voluptatem culpa totam.', 978, 1, 13, '2018-11-25 13:51:34', '2018-11-25 13:51:34'),
(22, 'dolores', 'Sunt itaque qui minima id laboriosam doloremque. Nemo odit architecto cum omnis sed officiis a. Occaecati quos velit deserunt quas recusandae officiis odio.', 820, 0, 12, '2018-11-25 13:51:34', '2018-11-25 13:51:34'),
(23, 'voluptatem', 'Cum debitis exercitationem culpa rerum illum. In voluptate voluptatum aut assumenda. Dolor quod accusamus voluptas ut culpa dignissimos cupiditate. Veritatis mollitia qui quam quia quos qui perspiciatis.', 561, 0, 28, '2018-11-25 13:51:34', '2018-11-25 13:51:34'),
(24, 'voluptates', 'Qui est velit aliquam illum. Quia quo quis veritatis aut tenetur repellendus aut. Enim dolorem perferendis perspiciatis quas illo quia ea. Ea illo voluptas et inventore eum quia.', 943, 7, 14, '2018-11-25 13:51:34', '2018-11-25 13:51:34'),
(25, 'repellendus', 'Et velit velit in harum voluptas fugit ea. Earum alias quibusdam quia dolorem dolor qui. Molestias tenetur qui vitae illo mollitia sint ducimus.', 670, 2, 22, '2018-11-25 13:51:34', '2018-11-25 13:51:34'),
(26, 'atque', 'Possimus blanditiis velit quia non. Suscipit tenetur et officia ut labore saepe. Eum quisquam sunt corrupti totam.', 741, 5, 13, '2018-11-25 13:51:34', '2018-11-25 13:51:34'),
(27, 'ullam', 'Sint veniam eligendi vitae harum in nemo. Perferendis in eos et numquam ut at. Aliquam asperiores quisquam cum sit libero et. Voluptatum exercitationem est eaque voluptatem omnis ut. Ratione tenetur iure omnis dolorem deleniti.', 912, 8, 18, '2018-11-25 13:51:34', '2018-11-25 13:51:34'),
(28, 'aut', 'Ut et impedit ut eligendi harum. Eos ut expedita voluptas eos eaque. Sed in inventore sapiente aperiam. Occaecati consequatur dolor magni ratione perspiciatis est a dolorum.', 146, 1, 28, '2018-11-25 13:51:34', '2018-11-25 13:51:34'),
(29, 'aut', 'Qui porro dolorum qui nam itaque. Ipsa dignissimos enim reiciendis sed. Ad et tempore earum sed distinctio inventore. Earum autem voluptas suscipit in consectetur recusandae.', 983, 4, 18, '2018-11-25 13:51:34', '2018-11-25 13:51:34'),
(30, 'reprehenderit', 'Fuga fuga quaerat maiores culpa enim sequi rerum. Aut repellendus pariatur sequi consectetur. Molestiae repellendus sequi explicabo numquam aut quia.', 382, 4, 18, '2018-11-25 13:51:34', '2018-11-25 13:51:34'),
(31, 'quod', 'Facilis illo veniam quo omnis. Officiis qui facere nulla nam alias temporibus nobis magni. Nesciunt repudiandae nam qui modi eum iure.', 142, 1, 25, '2018-11-25 13:51:34', '2018-11-25 13:51:34'),
(32, 'quo', 'Ducimus voluptates consequatur eius tenetur quia non. Itaque ut ipsa qui sed quis id aut. Commodi fugit sunt voluptates similique commodi sed. Sequi est magni repellat sed recusandae beatae.', 810, 9, 10, '2018-11-25 13:51:34', '2018-11-25 13:51:34'),
(33, 'voluptate', 'Sunt nobis numquam nam similique magni nihil. Quia doloremque nulla saepe saepe. Quas dolor voluptas assumenda vero. Delectus sint velit adipisci blanditiis aut modi ut aspernatur.', 923, 5, 28, '2018-11-25 13:51:34', '2018-11-25 13:51:34'),
(34, 'reprehenderit', 'Non aliquid nihil voluptatem cum aut debitis provident. Praesentium sed tempore officia unde optio iusto. Numquam nobis aut quibusdam consequatur temporibus quisquam rem. Dolorem id sit quae corporis sit.', 769, 0, 15, '2018-11-25 13:51:34', '2018-11-25 13:51:34'),
(35, 'rerum', 'Excepturi vel sit labore ab optio ullam quis deserunt. Neque commodi unde quas temporibus harum. Ex ut magni inventore qui aut ipsa omnis. Ducimus possimus labore exercitationem quaerat saepe corrupti sint.', 294, 8, 19, '2018-11-25 13:51:34', '2018-11-25 13:51:34'),
(36, 'enim', 'Numquam dolor hic ad eveniet hic ut. Et consequatur incidunt quam voluptatem delectus possimus est.', 142, 1, 6, '2018-11-25 13:51:34', '2018-11-25 13:51:34'),
(37, 'quia', 'Illum quia omnis non cum est nesciunt. Voluptates enim ea blanditiis temporibus rem nam vitae odit. Error sapiente labore tempore et dolor. Id harum mollitia pariatur dolore quaerat.', 914, 5, 13, '2018-11-25 13:51:34', '2018-11-25 13:51:34'),
(38, 'nam', 'Ut commodi dicta vel esse ratione. Suscipit illo tempora accusantium qui. Nemo dicta adipisci qui nihil sed quod vel.', 588, 8, 14, '2018-11-25 13:51:34', '2018-11-25 13:51:34'),
(39, 'omnis', 'Quis sunt enim dolores voluptas cupiditate sit. Aliquid eum sint animi deserunt. Perspiciatis qui iusto sint in animi aut sed.', 768, 7, 30, '2018-11-25 13:51:34', '2018-11-25 13:51:34'),
(40, 'ut', 'Explicabo animi laborum consequatur aperiam possimus cum molestias sit. Autem voluptatum quod et eum enim. At et id maxime.', 303, 1, 18, '2018-11-25 13:51:34', '2018-11-25 13:51:34'),
(41, 'non', 'Quia ab magnam nam corporis quam provident incidunt adipisci. Provident nostrum non neque beatae similique et. Velit aut qui quos et quae animi vero. Qui debitis praesentium temporibus sed sed hic.', 435, 5, 8, '2018-11-25 13:51:34', '2018-11-25 13:51:34'),
(42, 'omnis', 'Voluptatem aut accusantium veniam incidunt accusamus est et. Placeat molestiae error eum eveniet est deserunt. Beatae neque repellat doloremque dolor.', 141, 8, 25, '2018-11-25 13:51:34', '2018-11-25 13:51:34'),
(43, 'iure', 'Omnis asperiores voluptas id harum officiis quos culpa. Sed ut atque quis in quo similique quisquam. Vitae esse in consequatur sequi non quis impedit.', 233, 1, 12, '2018-11-25 13:51:34', '2018-11-25 13:51:34'),
(44, 'qui', 'Totam facere corporis enim vel aperiam. Tempore dolorem delectus consequatur porro consectetur.', 457, 0, 9, '2018-11-25 13:51:34', '2018-11-25 13:51:34'),
(45, 'adipisci', 'Aspernatur repellendus consequuntur repellat aspernatur. Qui optio natus culpa iusto.', 930, 6, 20, '2018-11-25 13:51:34', '2018-11-25 13:51:34'),
(46, 'ratione', 'Eveniet id numquam autem dolor vitae. Quaerat placeat dolor et at corporis minus sapiente. Ullam aut debitis maxime. Molestias nesciunt minus facilis.', 402, 3, 7, '2018-11-25 13:51:34', '2018-11-25 13:51:34'),
(47, 'laboriosam', 'Et nihil eum doloribus qui. Sunt eveniet voluptas molestias asperiores qui.', 744, 8, 14, '2018-11-25 13:51:34', '2018-11-25 13:51:34'),
(48, 'quis', 'Voluptatem maxime expedita quia esse. Ut laudantium exercitationem magni magni. Totam ex autem eos voluptatum commodi.', 705, 0, 15, '2018-11-25 13:51:34', '2018-11-25 13:51:34'),
(49, 'et', 'Perspiciatis et nesciunt quibusdam illo voluptas repudiandae. Repellat quis aut ea nemo rerum. Ipsa vitae adipisci eligendi perferendis modi est vero molestias. Magnam veritatis quibusdam aut perspiciatis.', 964, 4, 14, '2018-11-25 13:51:34', '2018-11-25 13:51:34'),
(50, 'et', 'Deserunt debitis aut accusamus velit. Enim et nostrum non harum eius. Aperiam dolorum quibusdam similique qui aut quia. Laudantium perferendis voluptatum consequatur accusamus itaque ratione.', 158, 0, 16, '2018-11-25 13:51:34', '2018-11-25 13:51:34'),
(51, 'earum', 'Aut dolores maiores alias. Porro earum aliquam odio est natus. Assumenda voluptatem temporibus non sit. Blanditiis voluptates minima expedita natus optio est rerum.', 670, 3, 6, '2018-11-25 13:51:51', '2018-11-25 13:51:51'),
(52, 'iusto', 'Laborum qui aspernatur sunt. Et eos nihil unde consequatur esse voluptate consequatur. Laborum vel optio a sunt.', 539, 9, 22, '2018-11-25 13:51:51', '2018-11-25 13:51:51'),
(53, 'molestiae', 'Cumque et reprehenderit voluptatem inventore vel. Suscipit ut voluptates necessitatibus aliquid quos eaque blanditiis. Atque cum reiciendis eum ratione inventore reiciendis quasi.', 574, 0, 25, '2018-11-25 13:51:51', '2018-11-25 13:51:51'),
(54, 'unde', 'Reiciendis inventore tempore distinctio accusamus quo. Aliquam officiis reprehenderit quaerat. Laboriosam et sunt tenetur dolores consequatur. Aspernatur tempora ducimus voluptas hic totam nulla. Voluptas aut voluptatibus dolor dicta exercitationem.', 491, 2, 14, '2018-11-25 13:51:51', '2018-11-25 13:51:51'),
(55, 'ipsam', 'Quasi repellendus error soluta aut aut. Iusto ea est dolorum cum laboriosam. Non ut et inventore eos incidunt sed ab.', 829, 4, 22, '2018-11-25 13:51:51', '2018-11-25 13:51:51'),
(56, 'modi', 'Soluta qui quasi rerum expedita sed. Hic reiciendis ea aut perspiciatis ea tempore qui. Optio quia optio quisquam error ut. Ut non molestias amet magnam quos ab.', 648, 0, 21, '2018-11-25 13:51:51', '2018-11-25 13:51:51'),
(57, 'perferendis', 'Illum consequatur excepturi ut ab fugit id. Earum excepturi nemo similique ut. Laboriosam et ducimus ut illo magnam rerum eum.', 992, 0, 15, '2018-11-25 13:51:51', '2018-11-25 13:51:51'),
(58, 'nesciunt', 'Nemo qui doloremque necessitatibus impedit doloribus. Ad sit soluta eos dolores quibusdam. Autem consequatur ipsa ad dolorem in saepe numquam.', 876, 5, 16, '2018-11-25 13:51:51', '2018-11-25 13:51:51'),
(59, 'fuga', 'Qui minima est rerum voluptas. Possimus aut quos illo unde magni dolor in. Maiores assumenda laborum voluptas molestiae quo sit et quod.', 285, 0, 27, '2018-11-25 13:51:51', '2018-11-25 13:51:51'),
(60, 'laudantium', 'Consequatur enim incidunt delectus dolorem ipsa et molestiae. Id esse magni similique aut ut. Repudiandae doloremque dolorem culpa hic incidunt molestiae. Dolor officiis animi et et deserunt dignissimos ratione.', 512, 3, 5, '2018-11-25 13:51:51', '2018-11-25 13:51:51'),
(61, 'est', 'Odio omnis nihil alias nostrum. Optio quo nobis molestias minus. Asperiores et aliquam excepturi dolorum aut.', 776, 7, 3, '2018-11-25 13:51:51', '2018-11-25 13:51:51'),
(62, 'et', 'Velit ut commodi consequatur voluptas. Aspernatur odio delectus accusamus vitae voluptatem ipsam. Possimus ipsum voluptas at et maiores.', 399, 5, 26, '2018-11-25 13:51:51', '2018-11-25 13:51:51'),
(63, 'eveniet', 'Nam suscipit consectetur omnis iste similique quo laboriosam. Occaecati similique eveniet aspernatur. Et dicta atque deleniti mollitia et. Corrupti voluptatum non magnam vel itaque.', 408, 0, 19, '2018-11-25 13:51:51', '2018-11-25 13:51:51'),
(64, 'reiciendis', 'In sunt debitis libero dolores labore in debitis. Officia minus labore eaque dolores rem et earum. Numquam in sed consectetur aut aliquam.', 393, 9, 4, '2018-11-25 13:51:51', '2018-11-25 13:51:51'),
(65, 'error', 'Recusandae harum quia rem nulla est reiciendis. Dolores non voluptatem excepturi. Maxime rem voluptatem libero maiores.', 593, 0, 19, '2018-11-25 13:51:51', '2018-11-25 13:51:51'),
(66, 'delectus', 'Et ratione reprehenderit sequi beatae. Libero qui id dolor autem ea natus ipsam. Sit sint occaecati dolor pariatur consectetur. Similique dolorem neque soluta corporis.', 168, 5, 20, '2018-11-25 13:51:51', '2018-11-25 13:51:51'),
(67, 'dolorem', 'Blanditiis in neque repellat et ex iste. Consequuntur repellendus eaque delectus dolores.', 164, 8, 19, '2018-11-25 13:51:51', '2018-11-25 13:51:51'),
(68, 'labore', 'A error ea magni quis deserunt et. Odit aspernatur non deleniti est soluta recusandae voluptatem explicabo. Tempore voluptatibus aliquam quo blanditiis.', 650, 4, 6, '2018-11-25 13:51:51', '2018-11-25 13:51:51'),
(69, 'cumque', 'Sapiente praesentium consequatur nisi tempore dolor in. Voluptatem nemo dicta recusandae nihil ea natus quaerat. Sed quaerat at qui et quam expedita. Aut porro aut magni dolorem deserunt.', 545, 1, 4, '2018-11-25 13:51:51', '2018-11-25 13:51:51'),
(70, 'modi', 'Voluptas voluptates similique sed tempora voluptates. Dolore sit voluptas voluptatum ut sit et officiis. Fugit sit quae saepe quis. Consequatur libero qui et eveniet voluptas.', 628, 0, 6, '2018-11-25 13:51:51', '2018-11-25 13:51:51'),
(71, 'voluptatem', 'Non possimus consequatur placeat necessitatibus qui ab placeat. Rem necessitatibus ea voluptates repudiandae dolor et laudantium. Deserunt molestiae quisquam fugiat laboriosam. Enim in incidunt eum et.', 898, 0, 18, '2018-11-25 13:51:51', '2018-11-25 13:51:51'),
(72, 'nostrum', 'Dolore mollitia fuga numquam autem omnis. A nihil est in deleniti voluptatibus sit. Qui ex aspernatur facilis nobis et impedit ratione. Ipsum ut nemo voluptas expedita iste.', 453, 1, 22, '2018-11-25 13:51:51', '2018-11-25 13:51:51'),
(73, 'minima', 'Dicta est quia veniam sunt quia. Ratione et assumenda corporis beatae eligendi ut earum. Enim itaque quasi cumque eligendi repellendus rerum. Excepturi sint sit voluptate.', 225, 8, 10, '2018-11-25 13:51:51', '2018-11-25 13:51:51'),
(74, 'a', 'Reprehenderit amet perferendis minima alias officia quae minus. Dignissimos molestias quis libero sed. Ab ipsum quia qui non.', 857, 7, 5, '2018-11-25 13:51:51', '2018-11-25 13:51:51'),
(75, 'consequatur', 'Ut nam dicta dolorum voluptas modi voluptatibus. Omnis quod qui quo sed corporis quas. Officiis in porro quo est.', 490, 1, 7, '2018-11-25 13:51:51', '2018-11-25 13:51:51'),
(76, 'magnam', 'Atque numquam aperiam praesentium aliquid quasi. Odio aut mollitia itaque. Ut velit natus ut. Quasi esse est et voluptatibus aliquam nihil ea.', 513, 8, 21, '2018-11-25 13:51:51', '2018-11-25 13:51:51'),
(77, 'nisi', 'Odio sint quam quis recusandae aut sed. Minima velit atque vel culpa necessitatibus cum quia.', 279, 1, 8, '2018-11-25 13:51:51', '2018-11-25 13:51:51'),
(78, 'animi', 'Quia aspernatur dolores veniam nemo voluptatem. Reiciendis incidunt necessitatibus consequatur dolorem est pariatur id excepturi. Explicabo doloribus facilis quidem facilis iusto. Perferendis aspernatur aut eaque sit.', 128, 9, 5, '2018-11-25 13:51:51', '2018-11-25 13:51:51'),
(79, 'aperiam', 'Dolores laboriosam sunt dolor omnis nisi ab. Earum exercitationem sed suscipit facere amet non aut ab. Quam repudiandae vero est illum aperiam voluptatem provident. Distinctio labore ea id tempore quia eligendi autem.', 759, 5, 17, '2018-11-25 13:51:51', '2018-11-25 13:51:51'),
(80, 'reprehenderit', 'Recusandae quis eos corporis quia quasi. Ad necessitatibus atque qui ex et cum. Consequuntur asperiores similique officia ea. Ut optio ullam sit saepe neque. Explicabo vitae molestias omnis eum repudiandae qui ullam.', 505, 9, 10, '2018-11-25 13:51:51', '2018-11-25 13:51:51'),
(81, 'mollitia', 'Suscipit iusto est quae fuga velit. Quibusdam voluptas ratione laboriosam iure dicta. Velit suscipit quae aperiam eaque explicabo mollitia ab.', 583, 6, 27, '2018-11-25 13:51:51', '2018-11-25 13:51:51'),
(82, 'incidunt', 'Aliquam sed et id voluptatem facere. Quos dolores eos amet iste aut repudiandae repudiandae. Ipsa quia consequatur occaecati dolorum et accusamus. Quis cum consequatur numquam numquam et ab.', 568, 4, 22, '2018-11-25 13:51:51', '2018-11-25 13:51:51'),
(83, 'et', 'Omnis impedit ipsum facere occaecati exercitationem velit ut. Aut fugit numquam quo distinctio nobis accusamus. Veniam laborum praesentium ut dolor facilis impedit velit. Molestias tenetur et odio commodi quia aspernatur.', 484, 6, 12, '2018-11-25 13:51:51', '2018-11-25 13:51:51'),
(84, 'enim', 'Incidunt adipisci occaecati corrupti ut culpa debitis. Sed officia praesentium ad dolorum explicabo in quis.', 409, 1, 17, '2018-11-25 13:51:51', '2018-11-25 13:51:51'),
(85, 'accusamus', 'Maiores libero occaecati totam quia eaque. Numquam harum rem nesciunt eligendi rerum adipisci. Est illum enim necessitatibus.', 892, 7, 9, '2018-11-25 13:51:51', '2018-11-25 13:51:51'),
(86, 'ducimus', 'Porro asperiores magnam distinctio. Sequi sapiente cumque nobis. Quod quis reiciendis alias sit.', 581, 0, 22, '2018-11-25 13:51:51', '2018-11-25 13:51:51'),
(87, 'est', 'Cupiditate dolores est culpa. Nisi fugiat quia magnam cupiditate sunt id. Consequatur maxime quasi rerum commodi dolorem voluptatem. Voluptate blanditiis quis et magnam necessitatibus soluta.', 601, 2, 17, '2018-11-25 13:51:51', '2018-11-25 13:51:51'),
(88, 'omnis', 'Iste suscipit repudiandae ea aut hic debitis incidunt. Hic perspiciatis minus aperiam et.', 594, 6, 11, '2018-11-25 13:51:51', '2018-11-25 13:51:51'),
(89, 'sapiente', 'Aut dolor sed ducimus ab possimus quaerat. Consequuntur tenetur reprehenderit est nam praesentium molestiae. Autem iure nulla enim soluta. Rerum ea a nulla repudiandae temporibus impedit et quae.', 122, 5, 12, '2018-11-25 13:51:51', '2018-11-25 13:51:51'),
(90, 'necessitatibus', 'Sint consequatur hic ea consectetur iusto. Ut consectetur odit amet omnis. Sit facilis dicta autem architecto hic sint ipsa occaecati.', 810, 4, 19, '2018-11-25 13:51:51', '2018-11-25 13:51:51'),
(91, 'architecto', 'Iure vel at quod voluptatem sed nostrum nemo at. Sint totam earum qui perspiciatis et. Dicta non labore odio harum.', 133, 3, 26, '2018-11-25 13:51:51', '2018-11-25 13:51:51'),
(92, 'nostrum', 'Quod et quisquam qui commodi quibusdam doloremque voluptates. Ea magnam veniam assumenda. Voluptatem ab eligendi vitae iste maiores corporis quas.', 989, 0, 3, '2018-11-25 13:51:51', '2018-11-25 13:51:51'),
(93, 'delectus', 'Praesentium voluptas enim necessitatibus et amet perferendis. Minima dolores laborum blanditiis eligendi velit voluptas. Quia aut iste deleniti voluptas cumque ratione numquam numquam. Corrupti nostrum sunt in eius aliquid tempore maxime nisi.', 124, 4, 27, '2018-11-25 13:51:51', '2018-11-25 13:51:51'),
(94, 'minus', 'Aspernatur culpa dolores sint excepturi dolore quia. Voluptas sapiente quae in accusamus. Qui est aut repudiandae. Ut ex reiciendis eum dignissimos facere.', 169, 3, 19, '2018-11-25 13:51:51', '2018-11-25 13:51:51'),
(95, 'neque', 'Quibusdam aperiam sint aut nostrum. Quod asperiores ad tenetur. Consectetur sunt suscipit voluptas ut aliquid cupiditate et.', 316, 8, 24, '2018-11-25 13:51:51', '2018-11-25 13:51:51'),
(96, 'facilis', 'Nulla repellendus rem nam quia qui at. Sunt harum voluptatem sint. Quam qui officia dolore commodi. Animi numquam quo sunt praesentium et perspiciatis inventore.', 365, 7, 5, '2018-11-25 13:51:51', '2018-11-25 13:51:51'),
(97, 'qui', 'Alias possimus nobis unde aperiam officia reprehenderit corrupti qui. Et corrupti quo illum eos laudantium in ad. Est est molestias dolorem blanditiis quo.', 762, 0, 6, '2018-11-25 13:51:51', '2018-11-25 13:51:51'),
(98, 'facere', 'Omnis voluptatem ducimus cum autem aliquam. Itaque nam sint qui odit et. Quas ullam dolor iure nihil ut maxime amet. Odit vel officia ut hic.', 664, 0, 12, '2018-11-25 13:51:51', '2018-11-25 13:51:51'),
(99, 'fugiat', 'Rerum aut ratione ducimus consectetur accusamus. Aut non tempora illum et velit consequatur nulla. Necessitatibus animi et atque.', 209, 2, 16, '2018-11-25 13:51:51', '2018-11-25 13:51:51'),
(100, 'error', 'Maxime et perspiciatis vel est ad non. Laboriosam reprehenderit impedit molestias culpa molestias eum fugit. Provident eum ratione et eligendi reiciendis architecto aut qui. Voluptates atque sint quos consequatur corporis sint.', 921, 8, 5, '2018-11-25 13:51:51', '2018-11-25 13:51:51');

-- --------------------------------------------------------

--
-- Структура таблицы `reviewes`
--

CREATE TABLE `reviewes` (
  `id` int(10) UNSIGNED NOT NULL,
  `product_id` int(10) UNSIGNED NOT NULL,
  `customer` varchar(191) COLLATE utf8mb4_unicode_ci NOT NULL,
  `review` text COLLATE utf8mb4_unicode_ci NOT NULL,
  `star` int(11) NOT NULL,
  `created_at` timestamp NULL DEFAULT NULL,
  `updated_at` timestamp NULL DEFAULT NULL
) ENGINE=InnoDB DEFAULT CHARSET=utf8mb4 COLLATE=utf8mb4_unicode_ci;

--
-- Дамп данных таблицы `reviewes`
--

INSERT INTO `reviewes` (`id`, `product_id`, `customer`, `review`, `star`, `created_at`, `updated_at`) VALUES
(1, 43, 'Prof. Clement Shields', 'Nobis est incidunt consequatur repudiandae sint mollitia omnis. Porro deserunt aut eum porro impedit commodi. Perferendis eum culpa architecto odit. Amet optio occaecati officia quibusdam laudantium corporis enim neque. Sed enim ut provident minus.', 5, '2018-11-25 13:51:51', '2018-11-25 13:51:51'),
(2, 67, 'Eulalia Stanton', 'Enim maiores eum nostrum voluptas omnis. Eaque maiores distinctio non delectus est. Quidem delectus officiis et voluptas qui. Ut voluptas molestiae quasi incidunt eum.', 5, '2018-11-25 13:51:51', '2018-11-25 13:51:51'),
(3, 88, 'Janelle Crist', 'Assumenda nihil exercitationem esse nihil ex. Quia numquam veniam qui ab unde vel. Odio consequatur dolorem minima est ullam. Quaerat voluptas ex aut iste numquam quidem dolore.', 5, '2018-11-25 13:51:51', '2018-11-25 13:51:51'),
(4, 11, 'Nico Miller', 'Voluptas voluptate voluptatem repellendus iure. Aperiam quis et voluptatem itaque. Omnis ex atque neque possimus est.', 1, '2018-11-25 13:51:51', '2018-11-25 13:51:51'),
(5, 18, 'Mrs. Loraine Rogahn', 'Qui deleniti occaecati commodi molestiae. Cupiditate maxime fuga voluptatem eaque rerum. Et illum voluptate dolor. Enim temporibus placeat at.', 3, '2018-11-25 13:51:51', '2018-11-25 13:51:51'),
(6, 9, 'Dr. Marques Dare III', 'Quas sed corporis qui unde aut nobis. Iusto non eos repellat vel necessitatibus optio. Delectus optio aliquam accusantium incidunt. Sunt error velit corporis odit.', 3, '2018-11-25 13:51:51', '2018-11-25 13:51:51'),
(7, 2, 'Santino Streich', 'Nam hic voluptates in illo exercitationem omnis ipsum omnis. Non non inventore temporibus suscipit ullam.', 1, '2018-11-25 13:51:51', '2018-11-25 13:51:51'),
(8, 69, 'Sherman Friesen DVM', 'Totam quam est necessitatibus velit quod fugiat. Rem ipsam quas velit. Sint delectus deleniti qui debitis. Cumque eum sed quo hic sed.', 4, '2018-11-25 13:51:51', '2018-11-25 13:51:51'),
(9, 25, 'Grover Grady I', 'Temporibus sapiente atque et aperiam culpa. Molestiae ab aut neque et nihil.', 3, '2018-11-25 13:51:51', '2018-11-25 13:51:51'),
(10, 98, 'Prof. Maryam McCullough', 'Voluptas fugiat sint laudantium eum accusamus et odio quia. Sint eos distinctio facilis illum et asperiores est.', 4, '2018-11-25 13:51:51', '2018-11-25 13:51:51'),
(11, 45, 'Dr. Theresa O\'Keefe', 'Aut ut alias dolor maiores exercitationem asperiores alias rerum. Assumenda officia numquam itaque quis laudantium rerum atque aut. Voluptas ut voluptatem inventore nisi fuga earum.', 3, '2018-11-25 13:51:51', '2018-11-25 13:51:51'),
(12, 53, 'Brody Koelpin', 'Temporibus corrupti ex illo aut veritatis voluptas. Id optio et dolor quia et a assumenda.', 5, '2018-11-25 13:51:51', '2018-11-25 13:51:51'),
(13, 85, 'Mrs. Ollie Ward', 'Tempore accusamus quas facilis est. Sunt consequatur quae sequi aut. Ut impedit delectus doloribus.', 1, '2018-11-25 13:51:51', '2018-11-25 13:51:51'),
(14, 15, 'Mellie Schulist', 'Ut libero earum occaecati est non voluptas ut sint. Velit vitae qui excepturi. Qui dolor est quia ut accusamus non.', 1, '2018-11-25 13:51:51', '2018-11-25 13:51:51'),
(15, 17, 'Mr. Adolf Effertz', 'Dolor ullam labore quo eum. Facere qui tempore facere minima. Quia et reprehenderit qui corrupti. Quae commodi impedit pariatur culpa est laudantium. Expedita ipsum deleniti numquam doloribus laudantium aut culpa.', 5, '2018-11-25 13:51:51', '2018-11-25 13:51:51'),
(16, 42, 'Leonie Hintz', 'Sunt fugit sint molestias dolores commodi sit. Molestiae quia ut tenetur. Et corporis non explicabo quo.', 1, '2018-11-25 13:51:51', '2018-11-25 13:51:51'),
(17, 21, 'Ms. Marcia Stamm', 'Beatae ut unde accusamus repellat eum veritatis quos. Dolores distinctio aut saepe et doloremque incidunt quibusdam. Debitis voluptas et quam quia sed aspernatur. Eveniet optio quibusdam rem corporis quos quibusdam.', 1, '2018-11-25 13:51:51', '2018-11-25 13:51:51'),
(18, 95, 'Sylvia Daniel', 'Eaque praesentium provident nihil. Tenetur praesentium in explicabo adipisci nobis nihil necessitatibus ad. Facilis quaerat quis voluptatem.', 4, '2018-11-25 13:51:51', '2018-11-25 13:51:51'),
(19, 2, 'Leora Crist V', 'Nam harum nihil in quidem natus ad laboriosam. Blanditiis aliquam aut perferendis quia. Sit molestiae amet earum et qui et.', 5, '2018-11-25 13:51:51', '2018-11-25 13:51:51'),
(20, 49, 'Raquel Will Sr.', 'Sed voluptates cum incidunt nulla. Illum possimus laborum quod placeat odio consequuntur id non. Dicta quia blanditiis commodi eveniet dolorum aliquam quia. Enim ullam laborum dolor iste sit.', 4, '2018-11-25 13:51:51', '2018-11-25 13:51:51'),
(21, 6, 'Jany Auer', 'Voluptas reiciendis est molestias accusamus dolor. Aspernatur eos officia quia et perspiciatis eum dolores. Autem maxime perferendis reiciendis delectus sapiente dolorem sunt. Aut reiciendis voluptatem consequuntur.', 3, '2018-11-25 13:51:51', '2018-11-25 13:51:51'),
(22, 77, 'Miss Hope Fay', 'Distinctio sint ratione ipsa beatae. Qui et error id. Vero sunt laborum quas officiis.', 4, '2018-11-25 13:51:51', '2018-11-25 13:51:51'),
(23, 33, 'Prof. Shanel Ritchie', 'Ut sit et maxime quaerat similique ut praesentium. Sequi consequatur quasi aut veniam vitae.', 5, '2018-11-25 13:51:51', '2018-11-25 13:51:51'),
(24, 47, 'Brendon Quigley', 'Ut similique consequuntur eum non error sit et. Voluptatem fugit recusandae est at nisi. Nihil tempora possimus explicabo sequi amet ut hic. Expedita voluptatem totam at tempora.', 4, '2018-11-25 13:51:51', '2018-11-25 13:51:51'),
(25, 86, 'Lucio Gaylord', 'Hic et qui odit tenetur ducimus. Doloremque quia quos voluptatem. Exercitationem et ut ad. Consectetur eaque possimus qui eos iusto.', 3, '2018-11-25 13:51:51', '2018-11-25 13:51:51'),
(26, 69, 'Mrs. Harmony Hoppe', 'Molestiae veritatis earum tenetur magnam quis molestias. Dolor consequuntur quisquam deleniti et mollitia voluptas debitis maiores. Recusandae est dolor porro ea voluptas. Qui dolores et non quam a. Error eos veritatis dolor sint quas nisi rerum ab.', 2, '2018-11-25 13:51:51', '2018-11-25 13:51:51'),
(27, 74, 'Ezequiel Boyle Sr.', 'Tempore ut nihil consequatur. Neque ut nihil facilis repellat ipsum veniam aspernatur. Non minus et culpa. Ut rem aut molestiae nulla rerum nam.', 3, '2018-11-25 13:51:51', '2018-11-25 13:51:51'),
(28, 82, 'Vernie Lakin', 'Ex eveniet dolor dolorem sed earum velit. Voluptas quod illo suscipit excepturi voluptas et. Nam ducimus cumque debitis aut praesentium. Molestiae doloribus eligendi nihil similique sit laboriosam.', 3, '2018-11-25 13:51:51', '2018-11-25 13:51:51'),
(29, 4, 'Brooklyn Ward', 'Repudiandae non perferendis quia sed et dolorem aut sint. Quis minima qui eaque cupiditate laboriosam. Voluptas ex praesentium beatae deserunt. Error molestiae maiores rem aut officiis eos.', 3, '2018-11-25 13:51:51', '2018-11-25 13:51:51'),
(30, 69, 'Weldon Mohr II', 'Aliquid voluptatibus perferendis tempore qui voluptatem ut accusamus. Voluptatum aut facilis veniam et alias sapiente dolor. Dicta et vero et velit.', 3, '2018-11-25 13:51:51', '2018-11-25 13:51:51'),
(31, 84, 'Darby Mosciski I', 'Vitae ea adipisci hic aliquid nemo voluptatum. Consequatur asperiores perferendis aut iusto quaerat. Asperiores natus et omnis id ipsa.', 3, '2018-11-25 13:51:51', '2018-11-25 13:51:51'),
(32, 47, 'Prof. Piper Funk', 'Possimus et enim culpa eum et quisquam. Totam aut quaerat omnis labore quis repellendus repudiandae et. Et nemo optio veniam necessitatibus.', 4, '2018-11-25 13:51:51', '2018-11-25 13:51:51'),
(33, 5, 'Justus Trantow', 'Aliquam praesentium odit excepturi id quidem cum exercitationem. Perferendis necessitatibus ducimus ea et voluptas. Reprehenderit dignissimos nemo et sequi animi autem sit. Harum facilis dolorum ut laboriosam.', 2, '2018-11-25 13:51:51', '2018-11-25 13:51:51'),
(34, 59, 'Jazlyn McLaughlin', 'Quos harum qui ut necessitatibus perferendis cum. Reprehenderit sed neque tempora ad expedita. Eaque voluptatem modi et ipsa cupiditate commodi occaecati.', 3, '2018-11-25 13:51:51', '2018-11-25 13:51:51'),
(35, 45, 'Mandy Hickle', 'Rerum sit dolor tempore aliquam voluptatibus earum praesentium ullam. Facilis harum dolores omnis enim laudantium magni. Velit doloremque tempore nesciunt modi sed. Dignissimos in dolorem quos sit quia aperiam.', 4, '2018-11-25 13:51:51', '2018-11-25 13:51:51'),
(36, 22, 'Dr. Maximo Predovic Sr.', 'Perferendis nemo et minus odit. Nesciunt qui ipsa veniam eveniet. Est soluta incidunt ipsum aut. Illo vitae optio repellendus. Illum esse consequatur pariatur est voluptas aperiam facere.', 1, '2018-11-25 13:51:51', '2018-11-25 13:51:51'),
(37, 28, 'Jaclyn Farrell', 'Facilis sint est quibusdam totam. Et voluptatem dolore et recusandae quam dolorum sit. Nostrum voluptas sit molestiae aliquam. Debitis corrupti qui cumque incidunt vitae.', 2, '2018-11-25 13:51:51', '2018-11-25 13:51:51'),
(38, 17, 'Olin Bartoletti', 'Ut provident rem at. Officiis ipsam sed perferendis mollitia. In molestiae doloremque velit non ipsum consequatur accusantium. Sunt et aut facilis consequuntur.', 3, '2018-11-25 13:51:51', '2018-11-25 13:51:51'),
(39, 42, 'Pat Haley', 'Deleniti est voluptatem quae quia. Deleniti omnis et ratione et.', 2, '2018-11-25 13:51:51', '2018-11-25 13:51:51'),
(40, 14, 'Sedrick O\'Reilly', 'Et non ut recusandae omnis quasi quasi. Qui molestiae quia neque in nihil modi. Nobis sit incidunt ullam et.', 3, '2018-11-25 13:51:51', '2018-11-25 13:51:51'),
(41, 74, 'Dr. Krystel Yost PhD', 'Repellendus delectus nam id voluptatem porro quod quia. Ut omnis illum ut. Quia dolore placeat et doloribus reprehenderit aut rerum maiores. Voluptatem ad nisi deleniti dolorum.', 5, '2018-11-25 13:51:51', '2018-11-25 13:51:51'),
(42, 91, 'Zetta Langworth', 'Ad quo quo commodi officiis. Officia dolores consequuntur sed odit repellat ut nobis vitae. Labore rerum eos voluptas laborum. Enim voluptatem expedita enim quibusdam voluptas.', 2, '2018-11-25 13:51:51', '2018-11-25 13:51:51'),
(43, 34, 'Tia Paucek DDS', 'Omnis ut quo odit aliquid est alias facere et. Praesentium aliquam perspiciatis occaecati quo. Ullam consequuntur voluptatem nostrum eveniet et alias. Quae temporibus expedita necessitatibus aut.', 4, '2018-11-25 13:51:51', '2018-11-25 13:51:51'),
(44, 22, 'Carol Hane', 'Quis molestiae ut vel et distinctio. Laboriosam dolores alias ut commodi et voluptatem et. Quibusdam aut qui amet blanditiis illum voluptatum magni sunt. Voluptatibus nihil vel et.', 1, '2018-11-25 13:51:51', '2018-11-25 13:51:51'),
(45, 7, 'Prof. Nick Bradtke', 'Et nemo rerum quis ipsam non sint suscipit. Quos qui blanditiis et quis aliquid quidem libero. Aliquid quis beatae aliquam enim sed culpa nesciunt. Assumenda velit enim consequatur quod qui aut doloribus.', 2, '2018-11-25 13:51:51', '2018-11-25 13:51:51'),
(46, 100, 'Garth Stoltenberg', 'Repudiandae assumenda rerum fugit. Magnam voluptatum qui est enim aut ratione eum officia. Sint necessitatibus et dolores porro aut quae ea.', 3, '2018-11-25 13:51:51', '2018-11-25 13:51:51'),
(47, 44, 'Mr. Guillermo Hettinger', 'Quaerat vitae rerum omnis ducimus. Et hic dolores tempora facilis sed. Sit officia dolores sint enim temporibus consequatur dolor.', 3, '2018-11-25 13:51:51', '2018-11-25 13:51:51'),
(48, 84, 'Helena Crooks', 'Quibusdam nobis sint sed voluptas ut sint voluptas. Ut consectetur accusantium quae quis laborum est. Libero enim voluptas dolore quisquam.', 1, '2018-11-25 13:51:51', '2018-11-25 13:51:51'),
(49, 1, 'Dr. Amya Cassin DVM', 'Asperiores illo aliquid non voluptatem. Illum molestias delectus qui eius et. Totam et illum veniam vero expedita repellendus explicabo.', 3, '2018-11-25 13:51:51', '2018-11-25 13:51:51'),
(50, 44, 'Jordan Rempel V', 'Nihil recusandae eligendi aut iure porro qui laborum explicabo. Suscipit et quas et. Natus rerum provident consectetur consequuntur harum sit mollitia. Minima neque esse accusantium id.', 3, '2018-11-25 13:51:51', '2018-11-25 13:51:51'),
(51, 12, 'Colleen Collins', 'Aut dolor est tempora enim molestiae. Ullam sit dolor quam sequi. Quia commodi vel corporis et. Quia vel quisquam quibusdam commodi velit quas ut laudantium.', 5, '2018-11-25 13:51:51', '2018-11-25 13:51:51'),
(52, 72, 'Demarcus Bins', 'Excepturi beatae ut dignissimos rem. Voluptate alias sit officiis. Sed enim fugit sit architecto vel odio quos enim. Praesentium exercitationem vel autem molestiae excepturi doloribus.', 4, '2018-11-25 13:51:51', '2018-11-25 13:51:51'),
(53, 9, 'Prof. Brock Wisozk Sr.', 'Alias laborum nihil ut voluptas impedit architecto consectetur voluptate. Eligendi ullam veritatis commodi saepe. Quibusdam sed veniam sequi ipsum autem assumenda sunt quod.', 2, '2018-11-25 13:51:51', '2018-11-25 13:51:51'),
(54, 57, 'Mike Spencer MD', 'Iste cum consectetur enim odio voluptatem quibusdam. Fuga in velit aspernatur quis. Quia aut illum quas voluptate et expedita.', 3, '2018-11-25 13:51:51', '2018-11-25 13:51:51'),
(55, 36, 'Tiffany Bradtke', 'Ab sint nostrum modi sed ut et. Harum dicta corrupti non atque consequatur. Architecto quaerat voluptate illo. Quasi voluptates laborum amet aut itaque quia unde.', 2, '2018-11-25 13:51:51', '2018-11-25 13:51:51'),
(56, 85, 'Ms. Hettie Parisian', 'Id necessitatibus aut quidem. Et unde et et ad iste. Qui vel est ut doloremque. Ratione harum iure magni repellendus ex alias dolor minima.', 4, '2018-11-25 13:51:51', '2018-11-25 13:51:51'),
(57, 27, 'Faustino Pagac V', 'Et architecto fugit sit dicta voluptatem nulla. Quibusdam dolore et voluptate. Enim veniam earum accusantium eligendi est.', 2, '2018-11-25 13:51:51', '2018-11-25 13:51:51'),
(58, 84, 'Jevon Sporer', 'Vero est aliquam distinctio itaque. Ab facere a ab repudiandae eligendi illum sapiente. Veritatis vel vero vel ducimus.', 5, '2018-11-25 13:51:51', '2018-11-25 13:51:51'),
(59, 95, 'Giuseppe Homenick', 'Est enim enim cumque sunt consectetur consequuntur. Qui dicta id impedit sit enim expedita autem. Excepturi animi commodi vel occaecati nisi nesciunt quia.', 5, '2018-11-25 13:51:51', '2018-11-25 13:51:51'),
(60, 72, 'Brice Huel', 'Fugit ut dolore omnis quod explicabo nihil. Mollitia qui commodi aut cum.', 1, '2018-11-25 13:51:51', '2018-11-25 13:51:51'),
(61, 80, 'Alaina Bogisich', 'Velit enim et ea excepturi corporis. Iste sint itaque nihil ut nemo non excepturi. Ad asperiores sit amet eius. Quia dolores culpa est tempora sequi.', 4, '2018-11-25 13:51:51', '2018-11-25 13:51:51'),
(62, 67, 'Leonora Turcotte IV', 'Aut accusamus voluptate et. A omnis repudiandae perspiciatis odit.', 2, '2018-11-25 13:51:51', '2018-11-25 13:51:51'),
(63, 18, 'Prof. Brennan Roberts', 'Sapiente dolorem non sit cum voluptate porro possimus. Ipsa delectus et et. Totam accusantium amet veniam non autem molestiae. Ipsum quis quis voluptas quod sunt veniam.', 2, '2018-11-25 13:51:51', '2018-11-25 13:51:51'),
(64, 16, 'David Lemke', 'Atque et saepe et et accusamus consequuntur quos. Vel qui nemo sunt unde fugiat. Distinctio ea facere qui est voluptatibus eos voluptates.', 2, '2018-11-25 13:51:51', '2018-11-25 13:51:51'),
(65, 33, 'Dane Lowe', 'Ab repellendus sunt voluptatem quia doloremque. Alias dolor perspiciatis vitae quo beatae est voluptas. Asperiores quia ex earum.', 1, '2018-11-25 13:51:51', '2018-11-25 13:51:51'),
(66, 58, 'Fermin Pfannerstill', 'In modi cumque vero illum qui non laudantium. Esse officiis est dolor corporis quia officia iste. Quo illo dolor fugiat et ab. Quam eligendi nulla quia expedita omnis.', 1, '2018-11-25 13:51:51', '2018-11-25 13:51:51'),
(67, 45, 'Reba Auer', 'Et blanditiis et quos ut qui ea non. Suscipit reiciendis enim molestias sint. Voluptatum nostrum provident iste dolorem sed quo dolore.', 1, '2018-11-25 13:51:51', '2018-11-25 13:51:51'),
(68, 31, 'Deshaun Cassin', 'Et exercitationem explicabo ullam dolore voluptas dicta quae. Laborum quaerat sapiente sit laudantium. Sed laboriosam voluptatem dolorum asperiores dolorem alias. Velit odio dolores enim laborum.', 5, '2018-11-25 13:51:51', '2018-11-25 13:51:51'),
(69, 64, 'Prof. Bartholome Wintheiser', 'Veritatis occaecati sapiente voluptas. Accusantium voluptates aut sed. At non molestias iste vitae ipsa exercitationem. Quae et laboriosam voluptates itaque voluptas aut.', 2, '2018-11-25 13:51:51', '2018-11-25 13:51:51'),
(70, 88, 'Aniyah McLaughlin', 'Culpa sed similique nemo illo ad doloremque. Quo sint et voluptatem ut. Harum amet autem asperiores asperiores amet omnis at.', 3, '2018-11-25 13:51:51', '2018-11-25 13:51:51'),
(71, 15, 'Mr. Theo Klein', 'Voluptas voluptatem expedita consequatur voluptas quis unde. Repellat molestiae non praesentium ea magnam quisquam. Quisquam nesciunt sunt natus delectus odio dignissimos voluptatem libero.', 1, '2018-11-25 13:51:51', '2018-11-25 13:51:51'),
(72, 99, 'Cortney Lakin', 'Et nostrum et exercitationem vitae omnis. Voluptatem ut quam non minima id in sapiente. Deserunt dolores vero quidem. Rerum porro cupiditate aut ea officia. Natus in quia commodi et officiis earum ea.', 2, '2018-11-25 13:51:51', '2018-11-25 13:51:51'),
(73, 16, 'Mr. Adolph Grimes IV', 'Suscipit quia ex est adipisci in. Eum dolor quia cum molestiae. Aut eum molestiae est voluptatem distinctio.', 2, '2018-11-25 13:51:51', '2018-11-25 13:51:51'),
(74, 3, 'Bernhard Wilderman', 'Provident tempora est sit non ipsam. Tempore velit dignissimos sit inventore. Mollitia et ea aut.', 5, '2018-11-25 13:51:51', '2018-11-25 13:51:51'),
(75, 88, 'Mittie Breitenberg', 'Sit architecto deserunt distinctio et voluptate tempore. Praesentium harum similique praesentium dignissimos tempora ipsum. Fuga distinctio quaerat id modi nam necessitatibus id.', 4, '2018-11-25 13:51:51', '2018-11-25 13:51:51'),
(76, 54, 'Rosemarie Kshlerin', 'Omnis eum ut aperiam. Explicabo omnis dolorem dolorem dolore. Et placeat non eius qui et. Expedita ea dolorem voluptates odit voluptatibus dolor.', 3, '2018-11-25 13:51:51', '2018-11-25 13:51:51'),
(77, 44, 'Brain Beatty IV', 'Ut sed dolor odit possimus distinctio blanditiis in. In repellendus ea modi architecto officia quidem voluptatum. Et deserunt veniam saepe ea quo ad. Vitae repellendus dolorem autem illo ea sunt quis.', 2, '2018-11-25 13:51:51', '2018-11-25 13:51:51'),
(78, 18, 'Aurelia Kautzer', 'Temporibus accusamus culpa consequatur vero maiores consequatur. Odio eius odio est molestiae ullam eligendi nostrum dolor. Sapiente quia sint voluptatibus quod doloremque aut et. Atque distinctio explicabo ex quis sed.', 3, '2018-11-25 13:51:51', '2018-11-25 13:51:51'),
(79, 47, 'Ms. Calista Kohler', 'Assumenda hic eius repellendus atque quia sapiente sit. Accusamus fugiat labore nihil aspernatur et dolorum. Aut qui iure distinctio vero ut et. Et ut animi quia officiis. Molestias deserunt voluptatum quibusdam laborum numquam sint aperiam.', 2, '2018-11-25 13:51:51', '2018-11-25 13:51:51'),
(80, 27, 'Ephraim Terry', 'Magnam beatae sunt dolorem ea nostrum non odit. Dolores et quis temporibus recusandae enim nemo et. Fuga saepe tempore enim et et.', 4, '2018-11-25 13:51:51', '2018-11-25 13:51:51'),
(81, 50, 'Dr. Gaston Waters II', 'Rerum commodi veniam deserunt error mollitia. Veritatis possimus aut magnam quisquam delectus sed explicabo.', 5, '2018-11-25 13:51:51', '2018-11-25 13:51:51'),
(82, 7, 'Dr. Shaylee Sawayn Sr.', 'Fuga rem neque dolores cumque eum in atque. Id a sed similique qui harum in. Vitae officiis et autem voluptas.', 3, '2018-11-25 13:51:51', '2018-11-25 13:51:51'),
(83, 5, 'Dashawn Baumbach', 'Eligendi quod doloremque quis incidunt. Ut ad voluptatem dolorum animi voluptatem. Molestiae vitae in quia.', 5, '2018-11-25 13:51:51', '2018-11-25 13:51:51'),
(84, 40, 'Yvette Hickle', 'Voluptas aut corporis dolores fugiat veniam est illum incidunt. Porro adipisci alias nulla pariatur. Est dolor et qui unde tenetur repellendus. Earum natus et et error et rem.', 2, '2018-11-25 13:51:51', '2018-11-25 13:51:51'),
(85, 51, 'Mr. Nathen Kiehn', 'In ea est aliquam. Libero ut occaecati voluptatem atque numquam esse deserunt. Alias et rerum est qui et voluptate labore.', 4, '2018-11-25 13:51:51', '2018-11-25 13:51:51'),
(86, 91, 'Ms. Cindy Marvin', 'Optio ut dolorem corrupti asperiores hic et nemo. Voluptate ut et nihil ipsa excepturi veritatis. Vero repellendus et similique nisi ab. Nam adipisci illo ea consequatur.', 5, '2018-11-25 13:51:51', '2018-11-25 13:51:51'),
(87, 73, 'Kamron Emmerich I', 'Expedita amet inventore ut qui iure dolores iure. Voluptatem sunt eos omnis a. Nemo eum tempore aut numquam rerum provident. Ratione et est ea dolorem nobis.', 5, '2018-11-25 13:51:51', '2018-11-25 13:51:51'),
(88, 40, 'Rylee Prohaska', 'Veritatis sit accusantium quibusdam earum deleniti. Dolor cumque sapiente tenetur recusandae nihil voluptas. Et quia earum sequi eum qui harum nulla.', 2, '2018-11-25 13:51:51', '2018-11-25 13:51:51'),
(89, 66, 'Ms. Jewel Osinski DDS', 'Veniam id aut facilis beatae libero. Ex facilis amet velit quibusdam. Alias est delectus ut non sequi. Autem adipisci aliquam pariatur ut maxime nisi eos blanditiis.', 1, '2018-11-25 13:51:51', '2018-11-25 13:51:51'),
(90, 84, 'Adeline West', 'Eos quod debitis provident consequatur impedit recusandae. Facilis quasi nostrum vitae qui at in. Et neque ad sit voluptatem non aperiam. Nulla eum vel eum est provident itaque sint.', 4, '2018-11-25 13:51:51', '2018-11-25 13:51:51'),
(91, 32, 'Pat Heaney', 'Ut ut distinctio porro quia esse dolores et in. Officia eum minus consequuntur voluptatem alias possimus esse. Dolore ut quis aperiam provident ducimus. Sed sapiente sit omnis debitis sit maiores. Tenetur vel corrupti minima quia eaque.', 5, '2018-11-25 13:51:51', '2018-11-25 13:51:51'),
(92, 16, 'Monserrate Bruen', 'Itaque ipsa minima amet. Saepe sint eligendi voluptas impedit. Consectetur veritatis id iure eum ut. Voluptatum consequatur architecto ut nemo facilis quas.', 1, '2018-11-25 13:51:51', '2018-11-25 13:51:51'),
(93, 76, 'Mr. Nolan Breitenberg', 'In dolorem culpa aut architecto excepturi exercitationem quaerat sed. Nihil temporibus odio numquam consequatur. Facere veniam eum aliquid ea.', 3, '2018-11-25 13:51:51', '2018-11-25 13:51:51'),
(94, 8, 'Liana Feest', 'Praesentium maiores veritatis mollitia voluptate. Officiis cupiditate id consequuntur dicta ipsam voluptas id. Itaque porro neque cupiditate et assumenda. Dolorem deleniti ut repellat quibusdam voluptatem accusamus.', 2, '2018-11-25 13:51:51', '2018-11-25 13:51:51'),
(95, 32, 'Mrs. Kaitlin Schoen', 'Quia voluptatem tempore sint est enim voluptatem excepturi. Quibusdam sunt et aut molestiae voluptatem qui omnis sed. Autem velit iusto perspiciatis odit saepe.', 3, '2018-11-25 13:51:51', '2018-11-25 13:51:51'),
(96, 40, 'Deion Predovic', 'Repudiandae nesciunt illo eum hic dolorem. Nihil dolor ducimus quas maxime voluptas. Dolorem quae cum animi est sit. Cumque nam voluptatem quidem.', 4, '2018-11-25 13:51:51', '2018-11-25 13:51:51'),
(97, 68, 'Prof. Rowan Hudson', 'Officiis delectus ab ullam deleniti quo aliquam magni. Et beatae sint ut eius. Eum ad hic ratione et sed dolorem consequatur sint. Eaque dolor vel est quos quia nihil.', 4, '2018-11-25 13:51:51', '2018-11-25 13:51:51'),
(98, 70, 'Uriah Cormier', 'Voluptatem odit minima animi. Expedita et nobis ipsa ut. Occaecati et enim tempore ipsum aliquid. Voluptatem similique dolor beatae.', 1, '2018-11-25 13:51:51', '2018-11-25 13:51:51'),
(99, 81, 'Gerald Williamson', 'Sunt ab nobis incidunt sapiente ipsa excepturi ea. Autem sed veritatis quia autem neque incidunt ex doloremque. Neque delectus animi ratione. Et culpa iure voluptates impedit quae repudiandae. Cumque eaque accusamus perferendis non ipsa quia at.', 2, '2018-11-25 13:51:51', '2018-11-25 13:51:51'),
(100, 46, 'Bennett Rogahn', 'Perspiciatis corrupti eos tempore velit nobis. Totam ut necessitatibus expedita sint exercitationem quae. Voluptas aut saepe sequi velit aliquid iusto. Ab in aut illo qui laudantium.', 5, '2018-11-25 13:51:51', '2018-11-25 13:51:51'),
(101, 44, 'Zachery Lakin', 'Quae expedita cumque saepe non non eaque totam. Quaerat qui repellat ratione corrupti dolore dolor quod.', 1, '2018-11-25 13:51:51', '2018-11-25 13:51:51'),
(102, 92, 'Ms. Verla Simonis', 'Ut numquam sunt necessitatibus exercitationem eveniet. Magnam veritatis mollitia aut sint eligendi. Nobis impedit delectus rerum molestiae distinctio architecto asperiores. Neque explicabo dolorem a delectus debitis magnam.', 1, '2018-11-25 13:51:51', '2018-11-25 13:51:51'),
(103, 80, 'Prof. Jack D\'Amore', 'Natus omnis deleniti non accusantium alias. Inventore ea et sit magni. Quam sunt praesentium voluptates sunt et architecto enim totam. Sit aspernatur rerum rerum eos sit ut dolore.', 3, '2018-11-25 13:51:51', '2018-11-25 13:51:51'),
(104, 95, 'Maxie Baumbach DDS', 'Quibusdam corporis debitis doloremque et labore sed rerum. Suscipit eum et quis quidem. Et minima veniam sit. Dolores aut tempore sit soluta. Ratione eos ut doloremque itaque enim veritatis nobis.', 2, '2018-11-25 13:51:51', '2018-11-25 13:51:51'),
(105, 82, 'Will Lubowitz', 'Voluptates voluptatem dolorum cum qui vero ut dignissimos. Aliquid adipisci voluptatem autem vel. Sint sequi illo fugit quo repudiandae laborum nihil. Et illo enim et.', 1, '2018-11-25 13:51:51', '2018-11-25 13:51:51'),
(106, 61, 'Alisha Beatty', 'Dolor aut rem qui numquam possimus mollitia ad consectetur. Dolores exercitationem error et et voluptas omnis quia voluptas.', 4, '2018-11-25 13:51:51', '2018-11-25 13:51:51'),
(107, 1, 'Davonte Berge DVM', 'Modi consequatur dolore in commodi sit autem enim ea. Natus impedit et deleniti ut quia et quam. Dolores minima assumenda sed voluptatem id. Velit quae aut qui.', 5, '2018-11-25 13:51:51', '2018-11-25 13:51:51'),
(108, 78, 'Esmeralda Frami', 'Quia corporis id illum corporis qui et velit. Aperiam magnam inventore repudiandae deleniti quia placeat expedita. Corporis aut rerum et ullam minus. Id sit itaque libero qui qui.', 4, '2018-11-25 13:51:52', '2018-11-25 13:51:52'),
(109, 43, 'Brielle Kuhn', 'Quam aut quod aut mollitia expedita vitae. Reiciendis eum ut aut voluptatem sapiente.', 3, '2018-11-25 13:51:52', '2018-11-25 13:51:52'),
(110, 69, 'Amparo Davis', 'Nam tempore et eos ad quia. Possimus reprehenderit reiciendis distinctio quia et.', 5, '2018-11-25 13:51:52', '2018-11-25 13:51:52'),
(111, 9, 'Kelli Kuhn', 'Provident voluptas quia et unde ex rem facilis. Laborum dolorem sequi id harum id id delectus. Omnis consequatur quasi qui.', 2, '2018-11-25 13:51:52', '2018-11-25 13:51:52'),
(112, 82, 'Harmony Labadie', 'Laborum exercitationem quis repudiandae qui et. Voluptas esse earum ipsam id et sit sunt dolor. Maiores et incidunt totam repudiandae aut. Dolores itaque rerum ut totam quos aperiam sit.', 4, '2018-11-25 13:51:52', '2018-11-25 13:51:52'),
(113, 71, 'Naomi Zulauf', 'Sit aut eum nobis est consequatur sunt. Asperiores quidem sed nulla illo vitae. Et autem expedita doloribus quis culpa. Minima consequuntur earum ut ex ut nihil eos.', 5, '2018-11-25 13:51:52', '2018-11-25 13:51:52'),
(114, 55, 'Salvador Bailey DDS', 'Et pariatur enim quis eveniet. Facilis labore et dignissimos est dolor ex aliquam asperiores. Amet quisquam voluptatem dolores autem aut.', 4, '2018-11-25 13:51:52', '2018-11-25 13:51:52'),
(115, 100, 'Eileen Considine', 'Nostrum illo officia amet. Voluptas quis sit est error reprehenderit voluptates. Quia a dicta ut qui. Iste consequatur nobis cupiditate aliquam ut ut.', 2, '2018-11-25 13:51:52', '2018-11-25 13:51:52'),
(116, 45, 'Savion Jast', 'Impedit nobis explicabo sit. Et est et optio quod rerum neque nulla.', 4, '2018-11-25 13:51:52', '2018-11-25 13:51:52'),
(117, 33, 'Cicero Murazik', 'Consequuntur neque sunt et doloribus. Ipsa consequatur molestiae beatae a cupiditate ex praesentium laborum. Consectetur distinctio esse voluptas voluptas ex.', 2, '2018-11-25 13:51:52', '2018-11-25 13:51:52'),
(118, 3, 'Jamel Conroy', 'Minus velit minima laboriosam. Enim reiciendis et nulla porro et tenetur expedita. Dolorem et possimus in incidunt sit.', 2, '2018-11-25 13:51:52', '2018-11-25 13:51:52'),
(119, 59, 'Shad Boyer', 'Totam est dicta maxime. Aut eaque mollitia facere eligendi. Voluptas aut molestiae suscipit cupiditate deserunt. Ut excepturi blanditiis veniam officia dolores voluptatem.', 2, '2018-11-25 13:51:52', '2018-11-25 13:51:52'),
(120, 41, 'Meda Rohan MD', 'Velit eum labore incidunt doloribus. Quasi sint vel dolores quasi.', 2, '2018-11-25 13:51:52', '2018-11-25 13:51:52'),
(121, 85, 'Cathy Jerde Sr.', 'Dolore cum corrupti molestiae quod. Nesciunt autem repellendus excepturi exercitationem incidunt officia est. Dolor ipsa neque ipsa maiores sint iusto. Ducimus molestiae sint non nesciunt dolorem.', 1, '2018-11-25 13:51:52', '2018-11-25 13:51:52'),
(122, 17, 'Kariane Will DDS', 'Qui amet sit in illo eos ut eius est. Nulla ut accusantium voluptatem dolorum. Est sunt voluptas illum quasi adipisci amet.', 4, '2018-11-25 13:51:52', '2018-11-25 13:51:52'),
(123, 84, 'Ms. Jazlyn Stehr', 'Expedita nobis aut repellendus accusantium sed earum. Sunt saepe facilis omnis perferendis rerum id quo. Unde fuga fugit itaque dignissimos tempore nesciunt modi.', 5, '2018-11-25 13:51:52', '2018-11-25 13:51:52'),
(124, 63, 'Walker Beier', 'Quam in fugit qui atque. Ex voluptates suscipit dolor. Pariatur maiores est aut nisi autem.', 2, '2018-11-25 13:51:52', '2018-11-25 13:51:52'),
(125, 99, 'Estelle Reichel', 'Qui corporis incidunt magnam esse ad tenetur distinctio. Illum fugit repellat sint harum expedita nam. Nobis officia atque odit est. Esse rerum asperiores odit fugiat.', 4, '2018-11-25 13:51:52', '2018-11-25 13:51:52'),
(126, 22, 'Dovie Cartwright', 'Deserunt totam rerum soluta nisi enim. Magni et totam corporis. Alias et minima eaque et ad a.', 5, '2018-11-25 13:51:52', '2018-11-25 13:51:52'),
(127, 24, 'Audie Mills', 'Adipisci dolorem voluptatibus maxime illo facilis et. Quod et tenetur ab ut earum eveniet dolorem et. Et ut libero dolores vel sed assumenda.', 1, '2018-11-25 13:51:52', '2018-11-25 13:51:52'),
(128, 29, 'Elias Kris', 'Dolores ducimus similique voluptas autem ipsa mollitia exercitationem. Incidunt nobis quos et veniam.', 5, '2018-11-25 13:51:52', '2018-11-25 13:51:52'),
(129, 59, 'Terrance O\'Kon', 'Est veritatis ut et quidem cum. Ducimus corporis omnis unde unde culpa doloribus. Accusamus occaecati maiores qui veritatis quis inventore.', 3, '2018-11-25 13:51:52', '2018-11-25 13:51:52'),
(130, 24, 'Hilbert Bartell', 'Iure vero qui ipsa modi sit. Nesciunt et omnis debitis nihil dolores. Velit rerum eius velit reprehenderit facilis impedit non. Reprehenderit rerum molestiae blanditiis quaerat aliquam quasi non quia.', 3, '2018-11-25 13:51:52', '2018-11-25 13:51:52'),
(131, 97, 'Ryan Anderson', 'Sunt aperiam at qui voluptatem quos sit. Aspernatur nobis delectus minima ipsa voluptas. Est est et molestiae. Quaerat nemo corporis facere corrupti voluptas ut nulla temporibus.', 5, '2018-11-25 13:51:52', '2018-11-25 13:51:52'),
(132, 38, 'Prof. Judge Windler DVM', 'Quas accusantium blanditiis provident blanditiis. Saepe pariatur et omnis amet deserunt velit aut. Pariatur vel voluptas minima cum minus. Quia recusandae sequi tempora cum.', 2, '2018-11-25 13:51:52', '2018-11-25 13:51:52'),
(133, 48, 'Prof. Alexzander Johns V', 'Et ea laborum at aut porro. Voluptatem occaecati perspiciatis quis quaerat officia non.', 1, '2018-11-25 13:51:52', '2018-11-25 13:51:52'),
(134, 90, 'Mrs. Estel Stokes', 'Sed minus incidunt autem quo. Maxime sint dolor in veritatis quos id itaque animi. Modi corporis quia vero.', 3, '2018-11-25 13:51:52', '2018-11-25 13:51:52'),
(135, 44, 'Isabella Towne', 'Dicta eum rerum nobis voluptatibus ut numquam fugiat. Voluptas illum est exercitationem quia quae beatae. A reiciendis ea similique voluptatum veniam ducimus. Exercitationem itaque amet fugiat labore autem.', 5, '2018-11-25 13:51:52', '2018-11-25 13:51:52'),
(136, 80, 'Thomas Bayer', 'Impedit necessitatibus omnis alias qui neque explicabo id. Laborum dicta corrupti quasi deserunt ut laborum dolores. Officiis dolores rerum autem quidem provident repudiandae est omnis. Non dolorum esse ipsum rerum impedit nesciunt est debitis.', 1, '2018-11-25 13:51:52', '2018-11-25 13:51:52'),
(137, 19, 'Elbert Hessel', 'Sequi eos deleniti aperiam optio laudantium a assumenda qui. Eum temporibus repudiandae dicta repellat sequi eligendi sit corrupti. Iure sit laudantium assumenda tempora.', 5, '2018-11-25 13:51:52', '2018-11-25 13:51:52'),
(138, 73, 'Gene Schulist', 'Assumenda quibusdam aut impedit. Esse architecto blanditiis consequatur dolor velit et quia. In aperiam unde placeat voluptatem.', 4, '2018-11-25 13:51:52', '2018-11-25 13:51:52'),
(139, 11, 'Mrs. Libby Emmerich', 'Veritatis inventore ducimus adipisci eos temporibus eveniet aut. Quasi dolorum sit ipsum. Itaque voluptatibus aut porro architecto et est enim. Aut molestiae sint dolore.', 5, '2018-11-25 13:51:52', '2018-11-25 13:51:52'),
(140, 14, 'Aurelie Altenwerth', 'Magnam rem debitis qui aut pariatur atque repellendus. Et sed veniam doloribus facilis pariatur. Rerum necessitatibus qui quo. Necessitatibus voluptatem dolorum doloribus nobis modi.', 3, '2018-11-25 13:51:52', '2018-11-25 13:51:52'),
(141, 71, 'Deron Reynolds', 'Alias ut eligendi debitis qui voluptatem. Recusandae vel soluta culpa autem a id ducimus. Et provident repellat nisi et sed. Nihil hic mollitia earum officiis itaque vel.', 4, '2018-11-25 13:51:52', '2018-11-25 13:51:52'),
(142, 70, 'Prof. Mekhi Hessel', 'Eum voluptatem qui qui consequuntur laborum tenetur soluta. Error eveniet molestiae ratione ratione. Sunt voluptatum aperiam laboriosam consectetur dolores voluptas. Tempora perspiciatis commodi delectus.', 1, '2018-11-25 13:51:52', '2018-11-25 13:51:52'),
(143, 31, 'Prof. Alejandra Franecki III', 'Dolorem quo voluptatum sed dolorem. Id nisi ut qui velit ea harum sit. Consequatur et veniam tenetur ad sit omnis ipsa.', 4, '2018-11-25 13:51:52', '2018-11-25 13:51:52'),
(144, 48, 'Elisabeth Price', 'Similique laborum tempore rerum iure. Id tenetur labore amet consectetur rerum et. Fugiat suscipit aut molestiae distinctio.', 3, '2018-11-25 13:51:52', '2018-11-25 13:51:52'),
(145, 41, 'Prof. Emanuel Runolfsson III', 'Perferendis dolor consequatur aut quod dignissimos necessitatibus impedit. Magni officia sunt voluptatibus id sint. Odio accusantium fuga illum suscipit natus at.', 2, '2018-11-25 13:51:52', '2018-11-25 13:51:52'),
(146, 88, 'Prof. Norma Gislason DDS', 'Modi adipisci veritatis quod est sit aut in nobis. Qui dolores officiis quas est ipsa. Sapiente quis sequi commodi blanditiis facere explicabo ea. Voluptatibus voluptas facilis deserunt quibusdam quis.', 1, '2018-11-25 13:51:52', '2018-11-25 13:51:52'),
(147, 28, 'Dr. Morris Boehm DVM', 'Qui excepturi ipsam quia veniam delectus doloremque. Qui praesentium aliquam autem nulla suscipit nostrum. Aperiam blanditiis tenetur harum qui. Nulla libero fugit aut odio fugiat exercitationem ipsa provident.', 4, '2018-11-25 13:51:52', '2018-11-25 13:51:52'),
(148, 34, 'Wilfrid Streich MD', 'Cumque provident adipisci corporis pariatur quidem voluptatem sit. Qui qui possimus tempora fugiat. Repellat dolorem necessitatibus dolorem dolorem corporis ipsum.', 5, '2018-11-25 13:51:52', '2018-11-25 13:51:52'),
(149, 6, 'Walton Effertz', 'Omnis natus accusantium ducimus voluptatem nesciunt. Repellendus eius debitis qui quam. Totam est quo eum corrupti autem molestiae.', 2, '2018-11-25 13:51:52', '2018-11-25 13:51:52'),
(150, 49, 'Prof. Carolanne Quitzon', 'Eius asperiores ullam odio cumque sed sit hic. Impedit nostrum optio dolores tempora est. Repellat aut est qui dignissimos saepe nihil.', 4, '2018-11-25 13:51:52', '2018-11-25 13:51:52'),
(151, 1, 'Dr. Ottilie Rohan DVM', 'Quibusdam expedita laudantium consequatur eos. Ex dolorem doloremque quisquam modi totam suscipit ea est. Accusantium et veniam ea non quia dolor. Quo quia velit et minus voluptatem.', 5, '2018-11-25 13:51:52', '2018-11-25 13:51:52'),
(152, 20, 'Prof. Kadin Jacobson', 'Aspernatur vero animi minus tempora. Dolore aliquam non et non fugit et magni. Reiciendis mollitia eos voluptatem quas natus.', 5, '2018-11-25 13:51:52', '2018-11-25 13:51:52'),
(153, 92, 'Abdullah Swaniawski Sr.', 'Illum consequuntur magni id voluptatem perspiciatis earum quos maxime. Nihil eos nostrum enim dicta omnis quod. Quasi dolor in est odit. Eveniet rerum laudantium velit perferendis.', 4, '2018-11-25 13:51:52', '2018-11-25 13:51:52'),
(154, 4, 'Miss Elmira Gusikowski', 'Incidunt assumenda laboriosam et beatae nisi porro nemo. Minus placeat eum sit rerum iure veritatis et. Doloremque distinctio vitae aut architecto earum voluptatem exercitationem.', 3, '2018-11-25 13:51:52', '2018-11-25 13:51:52'),
(155, 45, 'Dejah Sauer', 'Laborum nisi porro et. Deleniti eligendi non aliquid nisi et sint molestiae ex. Qui deserunt sed sequi maxime sapiente. Laboriosam vero est voluptas et non eaque et.', 5, '2018-11-25 13:51:52', '2018-11-25 13:51:52'),
(156, 13, 'Sabina Okuneva', 'Ducimus nesciunt excepturi non. Id quia est esse facere deleniti inventore quo. Commodi qui vitae est tenetur eius aliquid voluptatem. Qui neque deserunt quis deserunt officiis et similique.', 4, '2018-11-25 13:51:52', '2018-11-25 13:51:52'),
(157, 62, 'Harry Pfannerstill', 'Soluta expedita inventore voluptatem atque. Omnis pariatur repellendus maiores illo harum. Omnis facere fuga corporis itaque.', 1, '2018-11-25 13:51:52', '2018-11-25 13:51:52'),
(158, 14, 'Vince Torp', 'Autem molestiae quibusdam nobis cupiditate. Quos nisi possimus enim maiores animi hic et. Rerum ut id qui ducimus ipsum et enim voluptates. Molestiae quia reiciendis molestias quibusdam hic culpa.', 4, '2018-11-25 13:51:52', '2018-11-25 13:51:52'),
(159, 46, 'Dr. Rebeka Bode Jr.', 'Vero est ipsam ex est quidem necessitatibus voluptatem. Non eum iusto adipisci dignissimos. Voluptatem rem cupiditate autem optio.', 3, '2018-11-25 13:51:52', '2018-11-25 13:51:52'),
(160, 15, 'Prof. Lawson Collier', 'Nemo porro non repellat adipisci maiores voluptas perspiciatis. Quod aut totam animi repellat odit. Autem ad velit veniam ut sed.', 5, '2018-11-25 13:51:52', '2018-11-25 13:51:52'),
(161, 81, 'Flossie Lynch', 'Est ea reiciendis error rerum iusto veritatis. Non numquam exercitationem ullam facere.', 3, '2018-11-25 13:51:52', '2018-11-25 13:51:52'),
(162, 78, 'Ms. Shaina Parker', 'Ut asperiores eum quisquam autem itaque. Exercitationem et maiores culpa eos autem. Ea suscipit debitis in eum at.', 1, '2018-11-25 13:51:52', '2018-11-25 13:51:52'),
(163, 93, 'Ms. Minerva Stroman II', 'Rerum culpa corporis aspernatur. Distinctio aut veniam beatae. Pariatur tempora quia aut repellendus iusto molestiae.', 5, '2018-11-25 13:51:52', '2018-11-25 13:51:52'),
(164, 8, 'Dr. Geo Grimes', 'Aut recusandae dolores soluta sunt velit laborum voluptatem. Ipsam corrupti qui dolore expedita similique sequi cum. Vero recusandae et numquam officia quia autem aut.', 1, '2018-11-25 13:51:52', '2018-11-25 13:51:52'),
(165, 61, 'Heloise Emard', 'Ab et minima ut possimus vel est molestiae. Ut quos aut ipsa autem id est. Et quae et saepe molestiae voluptas.', 2, '2018-11-25 13:51:52', '2018-11-25 13:51:52'),
(166, 97, 'Dr. Pansy Blick PhD', 'Dignissimos dolore sapiente aut sed qui unde cumque eos. Corrupti ut perspiciatis dolorum. Quisquam saepe cum maxime delectus labore. Id ab alias suscipit dicta.', 5, '2018-11-25 13:51:52', '2018-11-25 13:51:52'),
(167, 42, 'Oliver Rodriguez', 'Dolorum necessitatibus omnis dicta alias voluptate. Dolorum animi optio et ut eos. Excepturi eligendi molestias cupiditate. Dolorem dicta iste explicabo id qui odit rerum.', 5, '2018-11-25 13:51:52', '2018-11-25 13:51:52'),
(168, 63, 'Matilde Schamberger', 'Possimus veritatis sed qui similique quos est. Pariatur ipsum deleniti quis dicta sint ullam quo. Explicabo cupiditate voluptate dolores est.', 3, '2018-11-25 13:51:52', '2018-11-25 13:51:52'),
(169, 21, 'Prof. Aidan Anderson I', 'Et sit voluptatem illum et aliquam itaque. Expedita aperiam dolor quas qui sequi adipisci inventore. Voluptas doloribus ut molestiae dolores.', 5, '2018-11-25 13:51:52', '2018-11-25 13:51:52'),
(170, 97, 'Jaren Dach', 'Ullam sint excepturi id dolorem et. Nisi maiores aliquam magnam quis. Tempora qui inventore aliquam recusandae dolorem et accusantium. Voluptates nihil tempora labore laborum repellendus quam voluptatem.', 3, '2018-11-25 13:51:52', '2018-11-25 13:51:52'),
(171, 83, 'Dr. Ahmed Fay DDS', 'Consequatur placeat ut mollitia totam iure. Eos deleniti velit fuga odit a asperiores suscipit. Ea nam sapiente nostrum optio.', 3, '2018-11-25 13:51:52', '2018-11-25 13:51:52'),
(172, 93, 'Oscar Koch', 'Et quia et sapiente ad explicabo qui. Praesentium perspiciatis et dolores laborum dolore aut provident. Ab ad doloribus est excepturi repellendus accusantium cupiditate non.', 4, '2018-11-25 13:51:52', '2018-11-25 13:51:52'),
(173, 100, 'Margie Wolf', 'Dolor at veritatis ipsum asperiores ipsa nam. Sunt totam facere aut minima qui tempora nulla possimus. Ut ut delectus maxime sit id natus. Quae reiciendis aliquam officia sint.', 5, '2018-11-25 13:51:52', '2018-11-25 13:51:52'),
(174, 64, 'Prof. Annalise Ernser', 'Voluptas soluta at voluptates illum. Non ipsam velit vitae sit voluptatem ad labore. Doloremque facere debitis ut dolorem maxime exercitationem aspernatur.', 3, '2018-11-25 13:51:52', '2018-11-25 13:51:52'),
(175, 23, 'Ms. Stacey Lubowitz', 'Tempora voluptatum laudantium qui accusantium rerum tempore earum sint. Iusto quia deserunt dolor ut. Repellat est quis sequi perferendis. Voluptatem dolor corrupti quibusdam dolor dolorem ducimus autem.', 2, '2018-11-25 13:51:52', '2018-11-25 13:51:52'),
(176, 53, 'Jaren Smitham', 'Error cupiditate sit dolore eum quaerat numquam officiis. Non quod dolorem aut possimus minima itaque assumenda natus.', 3, '2018-11-25 13:51:52', '2018-11-25 13:51:52'),
(177, 46, 'Dr. Pauline Yost II', 'Possimus quaerat fuga autem iure repudiandae. Provident enim similique et a. Quia minus magni perspiciatis iure qui ipsum. Blanditiis accusantium hic id et.', 2, '2018-11-25 13:51:52', '2018-11-25 13:51:52'),
(178, 91, 'Malachi Larson', 'Ex dolorem nisi facilis rerum. Earum magnam dicta nemo aut consequatur. Nihil nihil inventore provident distinctio quo omnis. Ex iusto ut et impedit in corporis quae.', 4, '2018-11-25 13:51:52', '2018-11-25 13:51:52'),
(179, 44, 'Dr. Danial Hane', 'Tempora et aut dolores accusamus. Ad et officiis quia molestiae. Necessitatibus rerum perferendis consequatur ut. Et blanditiis debitis quam repellendus. Ea ab non eveniet animi ut rerum dolores.', 2, '2018-11-25 13:51:52', '2018-11-25 13:51:52'),
(180, 94, 'Aleen West', 'Possimus consequatur cupiditate sunt minus officiis. Perspiciatis vel cupiditate earum enim. Facilis perferendis repellat sapiente aut. Quia est autem unde alias. Sit nam et ut.', 3, '2018-11-25 13:51:52', '2018-11-25 13:51:52'),
(181, 14, 'Lilian Senger II', 'Itaque velit doloribus quae reiciendis et. Autem autem aut quos excepturi sint sed at. Dolores eos et et vel.', 4, '2018-11-25 13:51:52', '2018-11-25 13:51:52'),
(182, 23, 'Kody Stroman', 'Eos voluptatibus quia sit. Laborum ad nisi officiis voluptatem. Et velit alias ipsa amet qui et. Eaque alias molestiae aut ut in odio.', 1, '2018-11-25 13:51:52', '2018-11-25 13:51:52'),
(183, 5, 'Ms. Luna Jaskolski MD', 'Maxime molestiae harum ut molestias. Quia aut laborum ipsa ipsam est quibusdam. Et nihil quo exercitationem laudantium nobis.', 5, '2018-11-25 13:51:52', '2018-11-25 13:51:52'),
(184, 60, 'Suzanne Pollich', 'Eos ut et eum voluptas sapiente voluptate. Sunt quos nesciunt eum impedit.', 5, '2018-11-25 13:51:52', '2018-11-25 13:51:52'),
(185, 33, 'Prof. Alia Conn DDS', 'Sed praesentium voluptatem beatae velit. Ullam consequatur aspernatur et rerum autem.', 3, '2018-11-25 13:51:52', '2018-11-25 13:51:52'),
(186, 5, 'Prof. Wilson Bode III', 'Molestias molestiae et ipsam sit et ut eligendi. Laboriosam dicta eaque qui facere explicabo accusamus explicabo. Ea quisquam et consectetur pariatur rerum explicabo. Sint possimus aliquid est.', 5, '2018-11-25 13:51:52', '2018-11-25 13:51:52'),
(187, 81, 'Una Borer', 'Enim deserunt quos quis perspiciatis molestias expedita reiciendis. Temporibus repellat praesentium velit voluptates corrupti non. Cumque quidem id aut omnis.', 4, '2018-11-25 13:51:52', '2018-11-25 13:51:52'),
(188, 98, 'Dominic Muller', 'Dolor corrupti iure cupiditate sed quo recusandae quis architecto. Corporis laboriosam magnam provident. Hic sed molestiae dolor quia eaque. Dolorum exercitationem non et veritatis sunt.', 5, '2018-11-25 13:51:52', '2018-11-25 13:51:52'),
(189, 25, 'Tania Ruecker II', 'Atque et sapiente natus et. Repellat provident temporibus quod commodi ex. Ratione animi reprehenderit quae voluptatum fuga minima. Labore qui aut est quos molestiae.', 3, '2018-11-25 13:51:52', '2018-11-25 13:51:52'),
(190, 42, 'Rebeca Mohr', 'Voluptatem quia et aut. Ut cumque ut tempore porro.', 3, '2018-11-25 13:51:52', '2018-11-25 13:51:52'),
(191, 73, 'Ian Stiedemann', 'Alias sed cupiditate neque ut a. Est maiores quam numquam impedit.', 3, '2018-11-25 13:51:52', '2018-11-25 13:51:52'),
(192, 37, 'Ola Donnelly', 'Amet quo saepe dicta quam quaerat perferendis perspiciatis. Aut et tempora provident quas dolores quae officia. Et ratione natus porro. Voluptatem repellat ipsam perspiciatis ullam.', 5, '2018-11-25 13:51:52', '2018-11-25 13:51:52'),
(193, 24, 'Jalen Lebsack Sr.', 'Fugiat pariatur esse ad quia velit distinctio et. Doloribus exercitationem et culpa. Modi ipsum sint quo aut vel quo.', 1, '2018-11-25 13:51:52', '2018-11-25 13:51:52'),
(194, 56, 'Dario Okuneva', 'Perspiciatis aut ullam amet magni. Qui tempora aut sit perferendis. Accusamus corrupti quis nulla soluta. Corrupti consequatur ducimus sit omnis quidem est.', 5, '2018-11-25 13:51:52', '2018-11-25 13:51:52'),
(195, 4, 'Roberto Moen', 'Totam dolor quibusdam officia vel nobis. Tenetur molestiae voluptatem saepe labore sint praesentium itaque. Vitae voluptas optio rem ipsam harum.', 1, '2018-11-25 13:51:52', '2018-11-25 13:51:52'),
(196, 89, 'Elizabeth Kohler MD', 'Voluptas beatae et distinctio quia odio. Alias facilis et autem ut earum amet voluptatem quis. Alias qui dolores sint deleniti similique. Placeat debitis quis neque.', 1, '2018-11-25 13:51:52', '2018-11-25 13:51:52'),
(197, 77, 'Haylie Zulauf', 'Et ipsum sed enim nam. Repellendus est voluptatum reiciendis. Ut odio totam aperiam maxime. Ad totam porro non dolor.', 2, '2018-11-25 13:51:52', '2018-11-25 13:51:52'),
(198, 26, 'Mr. Mauricio King', 'Sequi maiores delectus sit quibusdam. Aspernatur tenetur autem illum iste consequatur aut beatae odio. Iste cumque totam architecto et.', 2, '2018-11-25 13:51:52', '2018-11-25 13:51:52'),
(199, 77, 'Dr. Annabel DuBuque IV', 'Amet aut repellendus tempora nemo sapiente iusto iste. Et corporis aut sit sint quae. Ut et perspiciatis earum facere ut voluptas. Et aut aut deserunt placeat ad autem.', 5, '2018-11-25 13:51:52', '2018-11-25 13:51:52'),
(200, 20, 'Ms. Jody Klein', 'Nam nihil voluptatem ea qui. Magni eligendi tempora velit iusto recusandae distinctio animi voluptas. Et itaque ipsa facilis pariatur a possimus unde. Ea quibusdam beatae esse.', 5, '2018-11-25 13:51:52', '2018-11-25 13:51:52'),
(201, 77, 'Dolly King DDS', 'Veritatis assumenda sit dignissimos illum et nesciunt velit. Odio est laboriosam omnis corrupti eos aperiam expedita ut. Qui pariatur nobis aliquid ab totam voluptas. Ipsa quae aliquam maiores voluptas eos nostrum.', 2, '2018-11-25 13:51:52', '2018-11-25 13:51:52'),
(202, 89, 'Sheila Walter', 'Quibusdam quod provident ea qui sapiente. Aliquam officia dolores amet sed natus adipisci aliquam. Ipsam mollitia eum non est. Sint sequi sed sit. Assumenda voluptas molestias ut qui voluptatibus aut mollitia.', 5, '2018-11-25 13:51:52', '2018-11-25 13:51:52'),
(203, 54, 'Dr. Ethelyn Mills', 'Culpa aut illum voluptas delectus. Sed qui praesentium maiores nisi. Qui corrupti sint aliquid cupiditate dignissimos nemo et. Sint delectus dignissimos est aut nemo deserunt.', 1, '2018-11-25 13:51:52', '2018-11-25 13:51:52'),
(204, 41, 'Trinity Huels', 'Quasi et quisquam doloribus ex est. Eos fugit nulla quia omnis. Doloribus aut natus animi omnis deserunt saepe voluptate porro.', 5, '2018-11-25 13:51:52', '2018-11-25 13:51:52'),
(205, 7, 'Yasmeen Mayert', 'Similique explicabo ut nulla deleniti quo aut. Vel et adipisci voluptatem veritatis. Asperiores nesciunt ducimus minima dolorem. Et quo mollitia non ullam sunt nisi quia.', 3, '2018-11-25 13:51:52', '2018-11-25 13:51:52'),
(206, 54, 'Jordane Hermiston', 'Praesentium quibusdam id consectetur eos repellat tempore sed vel. Veritatis facilis sed consequatur aliquid rerum. Autem perspiciatis non consequuntur et delectus laboriosam.', 3, '2018-11-25 13:51:52', '2018-11-25 13:51:52'),
(207, 87, 'Mrs. Maggie Predovic DDS', 'Neque velit ex qui dolorem quia aut distinctio omnis. Repellendus eos officiis ab eius. Vero quia qui consequatur qui officia provident.', 1, '2018-11-25 13:51:52', '2018-11-25 13:51:52'),
(208, 28, 'Archibald Stark', 'Quibusdam tempore ut aliquid. Laboriosam officiis illum distinctio fugit aut. Non quo eos necessitatibus aliquid molestiae nulla delectus.', 3, '2018-11-25 13:51:52', '2018-11-25 13:51:52'),
(209, 22, 'Hertha Schimmel', 'Eligendi voluptate aut in est. Eum accusantium aut et et. Id ea ut dignissimos. Delectus qui nostrum cum explicabo delectus numquam.', 3, '2018-11-25 13:51:52', '2018-11-25 13:51:52'),
(210, 20, 'Keshaun Mertz', 'Est est voluptatem tempore sapiente velit dignissimos unde. Fuga iusto eos voluptas debitis fugiat. Sint architecto quidem sapiente laudantium autem neque voluptatem. Et provident distinctio error sit ut ut voluptatem.', 1, '2018-11-25 13:51:52', '2018-11-25 13:51:52'),
(211, 67, 'Eliezer Considine I', 'Iste cumque similique officia et dolorem quia qui. Et blanditiis quia in cupiditate. Et nesciunt nihil animi quam quod deleniti. Incidunt culpa voluptatem in culpa aut nesciunt maiores quo.', 5, '2018-11-25 13:51:52', '2018-11-25 13:51:52'),
(212, 88, 'Adelia Dach I', 'Saepe libero dignissimos eaque veritatis cumque. Quia error dignissimos molestiae esse repellendus corrupti. Accusamus impedit placeat magni dolorum consequatur distinctio ab. Modi explicabo aut dolorem autem impedit aliquam.', 2, '2018-11-25 13:51:52', '2018-11-25 13:51:52');
INSERT INTO `reviewes` (`id`, `product_id`, `customer`, `review`, `star`, `created_at`, `updated_at`) VALUES
(213, 37, 'Rachel Littel', 'Soluta ad iste explicabo non. Eum laboriosam velit esse quos culpa numquam distinctio. Id est voluptatem delectus vel doloribus.', 3, '2018-11-25 13:51:52', '2018-11-25 13:51:52'),
(214, 68, 'Dr. Grady Bayer', 'Nihil et maiores deserunt sunt ea earum recusandae. Tempora perspiciatis et et aut et et. Ducimus velit ut impedit nemo.', 5, '2018-11-25 13:51:52', '2018-11-25 13:51:52'),
(215, 84, 'Armando Gerhold', 'Ea quia qui explicabo voluptatem occaecati. Voluptas dolores beatae veritatis voluptatem aspernatur vero asperiores. Quia eius in recusandae.', 3, '2018-11-25 13:51:52', '2018-11-25 13:51:52'),
(216, 35, 'Regan Cronin', 'Aut quasi voluptas qui quaerat ea perferendis odio. Ut earum mollitia dolore esse. Vitae laboriosam laboriosam necessitatibus commodi perferendis dolor qui. Non sequi in tempore dolore ducimus aut accusantium a. Maiores aut velit labore et.', 1, '2018-11-25 13:51:52', '2018-11-25 13:51:52'),
(217, 53, 'Prof. Paul Lowe', 'Perspiciatis in commodi molestiae tenetur id. Sit quae doloribus qui veritatis porro incidunt. Esse eum qui est molestiae natus qui autem. Suscipit expedita consequuntur iusto dolore ut eos quaerat.', 4, '2018-11-25 13:51:52', '2018-11-25 13:51:52'),
(218, 4, 'German Langosh MD', 'Dignissimos cum dolores impedit nam eligendi ut sed. Voluptatem architecto nihil quisquam omnis amet accusantium. Rerum non et ex laboriosam architecto aliquam itaque. Dolorem omnis est sed omnis praesentium possimus.', 2, '2018-11-25 13:51:52', '2018-11-25 13:51:52'),
(219, 89, 'Aletha Cole', 'Repudiandae et accusantium reiciendis consequatur. Recusandae asperiores voluptatem exercitationem at error.', 3, '2018-11-25 13:51:52', '2018-11-25 13:51:52'),
(220, 74, 'Mozelle Mraz', 'Ratione quia et asperiores sunt. Commodi error reprehenderit perferendis totam. Voluptatem eum beatae ad accusantium sit.', 5, '2018-11-25 13:51:52', '2018-11-25 13:51:52'),
(221, 78, 'Rachael Brown I', 'Expedita quisquam deserunt dolore saepe. Saepe et eum harum assumenda assumenda minima voluptate. Quo quos culpa voluptas in.', 3, '2018-11-25 13:51:52', '2018-11-25 13:51:52'),
(222, 79, 'Julianne Schmidt', 'Placeat minus non inventore maxime consequatur soluta. Sit ipsum nihil nemo consequatur quia totam.', 1, '2018-11-25 13:51:52', '2018-11-25 13:51:52'),
(223, 37, 'Dr. Judah Flatley', 'Fugiat sapiente laudantium qui quia. Qui qui sint quaerat et. Molestiae voluptates corporis quis reprehenderit sed fugiat labore. Blanditiis vel sed explicabo facilis adipisci.', 5, '2018-11-25 13:51:52', '2018-11-25 13:51:52'),
(224, 61, 'Verla Gaylord II', 'Nihil aliquam accusamus vitae ipsum provident nam. Hic mollitia perspiciatis animi omnis error. Doloribus sunt iure vel id repellat. Maiores ipsum vitae perspiciatis facere.', 2, '2018-11-25 13:51:52', '2018-11-25 13:51:52'),
(225, 82, 'Rodger Moen', 'Illo delectus et expedita consequatur velit fugiat. Facilis consequatur vero numquam assumenda. Magnam distinctio autem dolores fugiat sit. Ratione aut perferendis non voluptas.', 4, '2018-11-25 13:51:52', '2018-11-25 13:51:52'),
(226, 56, 'Ms. Brisa Ratke II', 'Nostrum repellat non incidunt facilis et mollitia magni. Enim eveniet perspiciatis omnis voluptatem porro sit.', 2, '2018-11-25 13:51:52', '2018-11-25 13:51:52'),
(227, 50, 'Zander Conroy', 'Rem sint in non temporibus sunt quia aut. Velit qui aperiam assumenda dignissimos ipsum hic facere. Velit dicta facere molestias. Consequatur voluptatum voluptatem dolor qui enim placeat.', 4, '2018-11-25 13:51:52', '2018-11-25 13:51:52'),
(228, 81, 'Mozell Rodriguez IV', 'Hic ut et earum quis pariatur. Consequatur dolor placeat libero ut. Quaerat debitis explicabo et qui hic.', 4, '2018-11-25 13:51:52', '2018-11-25 13:51:52'),
(229, 30, 'Agnes Herman', 'Deleniti dolore veritatis quo enim qui voluptatem et. Animi sunt qui deserunt enim quas dolorem animi ea. Debitis et enim laborum culpa itaque.', 3, '2018-11-25 13:51:52', '2018-11-25 13:51:52'),
(230, 4, 'Preston Dare', 'Dolorum aut officia velit et accusamus rerum aut. Debitis necessitatibus autem et dolorum consequatur rerum temporibus enim. Quaerat delectus corrupti veniam id dolorem voluptatem. Et ut quis quasi repellat quam culpa.', 4, '2018-11-25 13:51:52', '2018-11-25 13:51:52'),
(231, 32, 'Frankie Kessler', 'Eos voluptas autem eos. Et et laboriosam tenetur enim. Exercitationem non earum adipisci delectus minima ea laborum eveniet. Quis eveniet quia fugit fugiat ad sit sunt.', 4, '2018-11-25 13:51:52', '2018-11-25 13:51:52'),
(232, 42, 'Prof. Christian Bergnaum', 'Optio neque nemo voluptas vel illum. Quibusdam earum nemo est quas exercitationem. Non odit voluptate quis doloribus distinctio est autem.', 4, '2018-11-25 13:51:52', '2018-11-25 13:51:52'),
(233, 55, 'Dr. Josh Schuster', 'Error reiciendis sed quia hic. Inventore dignissimos atque eum laboriosam. Omnis in pariatur doloribus in quo ut illo.', 3, '2018-11-25 13:51:52', '2018-11-25 13:51:52'),
(234, 10, 'Prof. Percy Langosh', 'Est ut natus dolorem voluptates sit non. Atque error eveniet unde nam. Rerum asperiores ullam commodi excepturi pariatur dolorem.', 2, '2018-11-25 13:51:52', '2018-11-25 13:51:52'),
(235, 75, 'Alberta Russel IV', 'Quod ea error a consequuntur. Tempora fugiat eaque expedita placeat. Consequuntur deserunt nisi laudantium dolor. Ex sapiente earum nemo quam.', 3, '2018-11-25 13:51:52', '2018-11-25 13:51:52'),
(236, 5, 'Prof. Amalia Powlowski Jr.', 'Repellendus dolorem est voluptatum exercitationem at voluptatem. Harum ab assumenda doloribus odio iusto. Enim dolores architecto sed sint doloremque ad quo omnis. Voluptas iusto consequatur repellendus voluptates autem molestiae. Ipsum molestiae vitae tempore et blanditiis.', 1, '2018-11-25 13:51:52', '2018-11-25 13:51:52'),
(237, 42, 'Wilhelm Grady Sr.', 'Natus explicabo beatae quia blanditiis est. Ad commodi modi rerum quisquam quas eum repudiandae. Ut laboriosam tempore sit odio.', 2, '2018-11-25 13:51:52', '2018-11-25 13:51:52'),
(238, 99, 'Coralie Padberg', 'Sequi amet quas qui ratione sed. Dolor soluta non assumenda quia nesciunt. Minus et sit suscipit excepturi mollitia. Praesentium occaecati a corrupti consequuntur. Ex ut ut accusamus accusantium.', 1, '2018-11-25 13:51:52', '2018-11-25 13:51:52'),
(239, 95, 'Zora Cummerata MD', 'Ut alias aliquam at dolores qui corrupti. Mollitia distinctio et qui optio minus sit repellendus. Assumenda voluptatem totam voluptas repellat temporibus ad delectus maxime. Cum vel eum atque molestiae ut voluptate numquam et. Deserunt est at nisi natus aut.', 5, '2018-11-25 13:51:52', '2018-11-25 13:51:52'),
(240, 98, 'Mr. Jeremy Johnston DVM', 'Officia provident sed adipisci id repudiandae est. Dolores velit dolorem soluta. Error ut porro reprehenderit et id officiis nesciunt.', 4, '2018-11-25 13:51:52', '2018-11-25 13:51:52'),
(241, 15, 'Norbert Gottlieb', 'Rem iusto voluptatibus eveniet quos similique. Dolor ut culpa illo qui laboriosam. Suscipit labore sit sed occaecati quos. Pariatur ipsam maxime voluptatem et perferendis velit.', 4, '2018-11-25 13:51:52', '2018-11-25 13:51:52'),
(242, 35, 'Nyasia Sauer', 'Id voluptatem fugiat dolores laboriosam impedit officia. Explicabo eum sunt delectus corrupti. Saepe non voluptatem aperiam voluptates iste.', 1, '2018-11-25 13:51:52', '2018-11-25 13:51:52'),
(243, 40, 'Dr. Kian Hirthe', 'Harum aspernatur minus ut recusandae molestiae odio quibusdam. Nesciunt eius blanditiis esse dignissimos aut quae eveniet. Nobis illum earum reiciendis doloribus rerum dicta. Recusandae alias molestias soluta iusto.', 5, '2018-11-25 13:51:52', '2018-11-25 13:51:52'),
(244, 38, 'Dr. Rhoda Hettinger', 'Id quo placeat doloremque ipsum. Voluptas error consectetur ut debitis quo magni cupiditate aliquid. Neque qui molestiae omnis porro laudantium id. Odit beatae odit itaque provident praesentium fugiat.', 4, '2018-11-25 13:51:52', '2018-11-25 13:51:52'),
(245, 92, 'Dr. Zack Bogan', 'Ut nulla nesciunt nesciunt quo quod delectus voluptatem. Quam saepe ad qui et eum id. Quas natus molestiae aut asperiores sint nobis. Consequatur pariatur asperiores assumenda sit numquam.', 1, '2018-11-25 13:51:52', '2018-11-25 13:51:52'),
(246, 40, 'Marian Bradtke', 'Quod dolor voluptatibus sequi ut voluptatem qui. Odio aut consectetur et totam animi et. Provident neque temporibus aut totam vero. Autem sequi necessitatibus eum possimus eum dolorem non.', 3, '2018-11-25 13:51:52', '2018-11-25 13:51:52'),
(247, 68, 'Mrs. Kelli Crona PhD', 'Molestiae fugit laudantium autem reiciendis optio. Ex et impedit esse iusto praesentium id officia. Dicta unde et repellat eaque et. Et inventore quae non.', 3, '2018-11-25 13:51:52', '2018-11-25 13:51:52'),
(248, 14, 'Jensen Carroll', 'Animi laudantium eos nobis ullam explicabo. Officiis at magni suscipit repellendus. Eos aliquam esse a laboriosam. Dolores dolore harum a totam qui omnis.', 5, '2018-11-25 13:51:52', '2018-11-25 13:51:52'),
(249, 67, 'Mrs. Fannie Nikolaus IV', 'Quia qui corrupti dolore. Minus nam amet voluptates minus delectus. Nostrum et voluptatum ea est.', 1, '2018-11-25 13:51:52', '2018-11-25 13:51:52'),
(250, 8, 'Dr. Annabell Kuphal Sr.', 'Neque commodi sapiente non nihil aperiam. Non minima consequatur corporis et officia quo. Consequatur in ut voluptatum et et. A enim est quisquam dolores.', 1, '2018-11-25 13:51:52', '2018-11-25 13:51:52'),
(251, 31, 'Beryl Hagenes', 'Velit qui aut necessitatibus reiciendis. Voluptas ex perferendis sit temporibus. Porro sapiente qui sapiente consequatur blanditiis dolorem.', 3, '2018-11-25 13:51:52', '2018-11-25 13:51:52'),
(252, 42, 'Ansley Kling II', 'Maiores sint optio dolorem dolorum. Sit et aut dolores eaque. Et incidunt a ad. Quidem minima nostrum quibusdam enim.', 5, '2018-11-25 13:51:52', '2018-11-25 13:51:52'),
(253, 59, 'Kaylee Lubowitz', 'Iure natus itaque unde optio. Enim excepturi facilis aliquid dolorem. Et porro autem tenetur. Vitae autem optio porro explicabo amet. Velit et rerum molestiae deserunt dolorum alias.', 5, '2018-11-25 13:51:52', '2018-11-25 13:51:52'),
(254, 20, 'Isabell Bosco', 'In minima ut voluptas et. Repudiandae aut sunt consectetur qui officia voluptatum commodi. Dicta a illum quis recusandae aut pariatur.', 5, '2018-11-25 13:51:52', '2018-11-25 13:51:52'),
(255, 83, 'Mr. Jess Dooley DVM', 'Delectus aliquam officia rerum fuga autem et. Labore saepe dolor ea illo sed voluptatem.', 3, '2018-11-25 13:51:52', '2018-11-25 13:51:52'),
(256, 37, 'Walter Kub', 'Consectetur cumque nobis neque vel ducimus. Nobis quibusdam possimus quas aut eligendi. Aut ut qui nihil id. Vel harum molestiae totam ut rem. Est illo a illum voluptatem repellat qui.', 3, '2018-11-25 13:51:52', '2018-11-25 13:51:52'),
(257, 77, 'Adrian Pagac', 'Iste cum et eos enim dolorem quo repellat. Assumenda officia ut nam sequi aut eum. Aut vero corporis iste aut omnis. Sed occaecati deserunt repellat vero aspernatur unde necessitatibus.', 2, '2018-11-25 13:51:52', '2018-11-25 13:51:52'),
(258, 52, 'Dr. Tessie Schuppe', 'Odit non suscipit et nemo. Nobis non officia autem eius quia quia. Cumque perferendis recusandae reprehenderit aut facilis beatae quos. Perferendis quibusdam est autem.', 1, '2018-11-25 13:51:52', '2018-11-25 13:51:52'),
(259, 92, 'Prof. Trever Treutel', 'Quam doloribus officia dolore in. Et consequuntur non eligendi et qui dolorem tenetur ab.', 3, '2018-11-25 13:51:52', '2018-11-25 13:51:52'),
(260, 24, 'Agnes Zieme PhD', 'Veniam quae ut dignissimos rem quisquam soluta nostrum. Voluptatem non et a quo at iure placeat. Omnis sint adipisci sint deleniti qui. At quia ullam explicabo dicta voluptatem autem saepe.', 3, '2018-11-25 13:51:52', '2018-11-25 13:51:52'),
(261, 53, 'Raquel Padberg', 'Est doloremque dolorum vero. Ipsum nostrum voluptatem aut ut explicabo iste aut repudiandae.', 5, '2018-11-25 13:51:52', '2018-11-25 13:51:52'),
(262, 97, 'Hilma Klein', 'Est ea sit sed sit neque omnis vero ab. Consequatur numquam voluptas explicabo perspiciatis dignissimos. Ipsum qui doloremque soluta sit repudiandae doloremque laudantium dignissimos.', 3, '2018-11-25 13:51:52', '2018-11-25 13:51:52'),
(263, 20, 'Marisol Lynch', 'Adipisci nisi similique dolorem ipsa ullam sapiente. Necessitatibus doloribus ea dolorem laborum. Placeat sint sit omnis occaecati autem. Quia voluptatem dolores libero maxime dicta ab sit.', 3, '2018-11-25 13:51:52', '2018-11-25 13:51:52'),
(264, 54, 'Consuelo Schuster', 'Sunt modi tempore et. Et laboriosam reprehenderit est distinctio et nihil iste. Dolor hic fugiat maxime autem. Error autem nam qui ab magni atque beatae. Aut laudantium consectetur esse voluptatem ea.', 5, '2018-11-25 13:51:52', '2018-11-25 13:51:52'),
(265, 53, 'Dillan Roob PhD', 'Non consequatur rem rem quo tenetur culpa enim. Dolorem nobis voluptates non ad. Quas molestiae eveniet ducimus aut ipsum. Omnis et eum hic quo illum.', 5, '2018-11-25 13:51:52', '2018-11-25 13:51:52'),
(266, 51, 'Carlos Waelchi', 'Et libero id non. Ipsum maiores recusandae facere amet ab consequatur autem deserunt. At ipsum voluptatem dolores explicabo. Sunt praesentium adipisci consequatur deserunt.', 4, '2018-11-25 13:51:52', '2018-11-25 13:51:52'),
(267, 51, 'Prof. Delilah Kuphal', 'Nesciunt velit quis et molestiae. Nihil laborum blanditiis ut voluptas. Laboriosam fugit et voluptas quo qui rerum voluptatem dolore.', 1, '2018-11-25 13:51:52', '2018-11-25 13:51:52'),
(268, 95, 'Jada Mitchell', 'Ipsa cupiditate doloremque magni ut consectetur odio. Praesentium possimus pariatur quae quam.', 5, '2018-11-25 13:51:52', '2018-11-25 13:51:52'),
(269, 61, 'Sigmund Sauer', 'Rerum sit facilis architecto dolor. Sunt cum ipsa beatae nisi temporibus adipisci. Consequatur quidem harum ipsum ratione assumenda.', 5, '2018-11-25 13:51:52', '2018-11-25 13:51:52'),
(270, 74, 'Gertrude Padberg', 'Quas iure eum est facilis iste et ad. Tempore necessitatibus laboriosam aut consequatur assumenda. Ipsa ab quam eos qui.', 5, '2018-11-25 13:51:52', '2018-11-25 13:51:52'),
(271, 19, 'Vita Prohaska', 'Perferendis delectus est sed eligendi rerum numquam. In beatae maxime doloremque rem a provident esse. Ea cum est alias ex et labore. Nemo nisi repellendus sint corrupti quam.', 2, '2018-11-25 13:51:52', '2018-11-25 13:51:52'),
(272, 4, 'Mrs. Adele Cruickshank', 'Voluptatem ut tempore aspernatur enim quas. Dignissimos nam aut rerum quas et ex aut molestiae. Eos nulla nulla non animi animi aut. Ducimus omnis dolorum rerum maiores sint delectus. Quasi blanditiis laborum ipsam enim nulla.', 3, '2018-11-25 13:51:52', '2018-11-25 13:51:52'),
(273, 32, 'Jevon Boyer', 'Laudantium non voluptas est quo nemo. Qui quo quia quasi voluptatum. Dignissimos laboriosam temporibus non.', 3, '2018-11-25 13:51:52', '2018-11-25 13:51:52'),
(274, 83, 'Savanna Rice', 'Fugit voluptatem est modi distinctio aliquid. Quam ipsam nemo dignissimos exercitationem voluptatum deleniti. Rerum dolorem aut non non. Placeat sint sint dolores dolorem est vel at.', 4, '2018-11-25 13:51:52', '2018-11-25 13:51:52'),
(275, 24, 'Bertha Haag', 'Provident ab dolor rerum sapiente harum. Nam praesentium consequatur qui.', 2, '2018-11-25 13:51:52', '2018-11-25 13:51:52'),
(276, 47, 'Mr. Javier Beahan', 'Voluptatem eligendi inventore et debitis quod. In repudiandae at id voluptas aliquam. Dolores sunt expedita reiciendis quod dolorem.', 1, '2018-11-25 13:51:52', '2018-11-25 13:51:52'),
(277, 39, 'Mallory Bartoletti', 'Et maiores quo quibusdam quaerat totam ut similique. Alias aut est provident eos incidunt commodi. Voluptas dolore incidunt officia velit. Saepe eligendi quo quia eum alias eligendi ad. Blanditiis consequatur exercitationem porro.', 2, '2018-11-25 13:51:52', '2018-11-25 13:51:52'),
(278, 97, 'Janet Schmitt', 'Recusandae quod eveniet facilis corrupti nemo est nemo. Enim illo fuga quidem dolorem mollitia. Sit expedita est dolorem aut. Reiciendis enim accusamus nesciunt tenetur. Reprehenderit ut quia reiciendis possimus sunt maiores non.', 4, '2018-11-25 13:51:52', '2018-11-25 13:51:52'),
(279, 56, 'Lawson Mayer', 'Qui sit rerum consequatur aut ut reiciendis tempora qui. Ut non quam fugiat aut quisquam ullam. Facilis laudantium dolores ut est similique illo. Architecto rerum qui odio necessitatibus officiis.', 3, '2018-11-25 13:51:52', '2018-11-25 13:51:52'),
(280, 47, 'Dean Rohan', 'Pariatur beatae dignissimos harum deleniti. Consectetur similique voluptatum nemo optio saepe temporibus ipsum.', 1, '2018-11-25 13:51:52', '2018-11-25 13:51:52'),
(281, 64, 'Hailie Bartell', 'Sapiente corporis similique numquam est commodi. Praesentium ad sunt rerum veritatis praesentium. Occaecati natus ipsa sapiente accusamus. Eius sint voluptatem corporis exercitationem.', 1, '2018-11-25 13:51:52', '2018-11-25 13:51:52'),
(282, 95, 'Jaime Murphy', 'Et voluptatem excepturi voluptatum sit aperiam est et esse. Qui laboriosam minus tempora dolor. Illum dignissimos debitis illo et.', 2, '2018-11-25 13:51:52', '2018-11-25 13:51:52'),
(283, 19, 'Larue Jenkins', 'Iure quis recusandae qui sit doloremque id vel. A nihil voluptatum quo voluptatum voluptatem sunt. Beatae sed occaecati minus et repellat voluptas. A quod repellat et incidunt rem sint sit suscipit.', 1, '2018-11-25 13:51:52', '2018-11-25 13:51:52'),
(284, 34, 'Lorena Schamberger', 'Numquam fugiat ipsam recusandae ut. Quisquam occaecati corrupti sunt quisquam est. Sit aspernatur cum a est consequuntur id.', 5, '2018-11-25 13:51:52', '2018-11-25 13:51:52'),
(285, 10, 'Dr. Rosanna Harvey', 'Consequuntur facere quas reiciendis quaerat assumenda. Impedit qui aut saepe aut. Assumenda enim sit optio corrupti sed qui repellat quis. Laudantium aut nostrum laudantium autem qui cumque.', 1, '2018-11-25 13:51:52', '2018-11-25 13:51:52'),
(286, 31, 'Mr. Cordelia Witting MD', 'Provident quo quam rerum alias eum cupiditate. Fuga ipsam cum hic velit excepturi ut. Fugiat quo tenetur corrupti odit ipsa corrupti.', 4, '2018-11-25 13:51:52', '2018-11-25 13:51:52'),
(287, 3, 'Prof. Luigi Rath Jr.', 'Qui cum rem blanditiis pariatur molestias sequi. Labore ut eos eos magnam molestiae. Et asperiores sit provident voluptates.', 5, '2018-11-25 13:51:52', '2018-11-25 13:51:52'),
(288, 64, 'Dr. Hailey Brakus', 'Quod dolores ea quis laborum consequatur ipsum qui. Et consectetur et in quis. Debitis sint ut harum voluptatibus.', 3, '2018-11-25 13:51:52', '2018-11-25 13:51:52'),
(289, 84, 'Darryl Brakus', 'Quam et consectetur dolor nemo iste in. In sint officia est vel nostrum facere in.', 4, '2018-11-25 13:51:52', '2018-11-25 13:51:52'),
(290, 14, 'Raul Bernier', 'Hic nihil sapiente vero atque laboriosam non facere est. Voluptatem eos voluptas consectetur delectus nam voluptatum accusamus. Veniam eum ut qui nihil nihil enim.', 3, '2018-11-25 13:51:52', '2018-11-25 13:51:52'),
(291, 42, 'Carley Douglas', 'A illo recusandae illo qui explicabo dolorem. Doloribus eos dolorem ex ipsam. Eius et reiciendis at veritatis reiciendis recusandae maxime molestiae. Sint sunt enim voluptatem nulla.', 4, '2018-11-25 13:51:52', '2018-11-25 13:51:52'),
(292, 100, 'Dr. Leora Weber', 'Dolor in deserunt non omnis impedit. Quaerat tenetur animi eos assumenda voluptatum ut. Earum sint iste et vitae.', 2, '2018-11-25 13:51:52', '2018-11-25 13:51:52'),
(293, 70, 'Mrs. Edna Carter IV', 'Nihil tenetur velit tempora consequatur. Quam expedita ut alias et.', 2, '2018-11-25 13:51:52', '2018-11-25 13:51:52'),
(294, 76, 'Maurice Emard PhD', 'Et adipisci corrupti illum. Voluptatem soluta sint voluptas quo quo. Excepturi ipsa ut doloribus provident cumque voluptas.', 5, '2018-11-25 13:51:52', '2018-11-25 13:51:52'),
(295, 27, 'Clara Wisoky', 'Qui atque molestiae autem necessitatibus est quam temporibus. Minima aliquam sed quidem iure. Dolores omnis incidunt rerum et facere. Laborum fuga excepturi sit aut voluptas eos. Quo iusto quam voluptatem.', 3, '2018-11-25 13:51:52', '2018-11-25 13:51:52'),
(296, 45, 'Daphne Zboncak', 'Natus autem ipsam quia ut at qui qui tenetur. Fugit laudantium perspiciatis suscipit et omnis iste voluptatem. Consectetur quod eum illum expedita numquam suscipit et. Sed quod eum non pariatur. Molestiae sed fuga ut temporibus perferendis.', 1, '2018-11-25 13:51:52', '2018-11-25 13:51:52'),
(297, 39, 'Favian Satterfield', 'Odit sequi deleniti modi ut cumque excepturi. Quia et mollitia nihil. Iure pariatur pariatur nulla ea. Voluptatem provident quo rerum aliquid cum molestiae rerum et.', 1, '2018-11-25 13:51:52', '2018-11-25 13:51:52'),
(298, 54, 'Delmer Lubowitz', 'Dolor fugiat voluptas autem aperiam magni nesciunt. Qui qui quis facilis rem consequatur esse. Possimus unde soluta repellendus totam ratione dolor amet soluta. Laboriosam voluptas blanditiis iure et omnis et ut.', 5, '2018-11-25 13:51:52', '2018-11-25 13:51:52'),
(299, 12, 'Dr. Jeffery Friesen', 'Quasi sapiente consequatur iusto. Quaerat assumenda qui ducimus magni. Molestias rerum rerum explicabo dolore consequatur.', 1, '2018-11-25 13:51:52', '2018-11-25 13:51:52'),
(300, 97, 'Kimberly Morissette DVM', 'Consectetur molestias aut quia qui quisquam commodi error corrupti. Fuga pariatur officiis enim suscipit velit. Velit doloribus veritatis molestias modi.', 1, '2018-11-25 13:51:52', '2018-11-25 13:51:52');

-- --------------------------------------------------------

--
-- Структура таблицы `users`
--

CREATE TABLE `users` (
  `id` int(10) UNSIGNED NOT NULL,
  `name` varchar(191) COLLATE utf8mb4_unicode_ci NOT NULL,
  `email` varchar(191) COLLATE utf8mb4_unicode_ci NOT NULL,
  `password` varchar(191) COLLATE utf8mb4_unicode_ci NOT NULL,
  `remember_token` varchar(100) COLLATE utf8mb4_unicode_ci DEFAULT NULL,
  `created_at` timestamp NULL DEFAULT NULL,
  `updated_at` timestamp NULL DEFAULT NULL
) ENGINE=InnoDB DEFAULT CHARSET=utf8mb4 COLLATE=utf8mb4_unicode_ci;

--
-- Индексы сохранённых таблиц
--

--
-- Индексы таблицы `migrations`
--
ALTER TABLE `migrations`
  ADD PRIMARY KEY (`id`);

--
-- Индексы таблицы `password_resets`
--
ALTER TABLE `password_resets`
  ADD KEY `password_resets_email_index` (`email`);

--
-- Индексы таблицы `products`
--
ALTER TABLE `products`
  ADD PRIMARY KEY (`id`);

--
-- Индексы таблицы `reviewes`
--
ALTER TABLE `reviewes`
  ADD PRIMARY KEY (`id`),
  ADD KEY `reviewes_product_id_index` (`product_id`);

--
-- Индексы таблицы `users`
--
ALTER TABLE `users`
  ADD PRIMARY KEY (`id`),
  ADD UNIQUE KEY `users_email_unique` (`email`);

--
-- AUTO_INCREMENT для сохранённых таблиц
--

--
-- AUTO_INCREMENT для таблицы `migrations`
--
ALTER TABLE `migrations`
  MODIFY `id` int(10) UNSIGNED NOT NULL AUTO_INCREMENT, AUTO_INCREMENT=5;

--
-- AUTO_INCREMENT для таблицы `products`
--
ALTER TABLE `products`
  MODIFY `id` int(10) UNSIGNED NOT NULL AUTO_INCREMENT, AUTO_INCREMENT=101;

--
-- AUTO_INCREMENT для таблицы `reviewes`
--
ALTER TABLE `reviewes`
  MODIFY `id` int(10) UNSIGNED NOT NULL AUTO_INCREMENT, AUTO_INCREMENT=301;

--
-- AUTO_INCREMENT для таблицы `users`
--
ALTER TABLE `users`
  MODIFY `id` int(10) UNSIGNED NOT NULL AUTO_INCREMENT;

--
-- Ограничения внешнего ключа сохраненных таблиц
--

--
-- Ограничения внешнего ключа таблицы `reviewes`
--
ALTER TABLE `reviewes`
  ADD CONSTRAINT `reviewes_product_id_foreign` FOREIGN KEY (`product_id`) REFERENCES `products` (`id`) ON DELETE CASCADE;
COMMIT;

/*!40101 SET CHARACTER_SET_CLIENT=@OLD_CHARACTER_SET_CLIENT */;
/*!40101 SET CHARACTER_SET_RESULTS=@OLD_CHARACTER_SET_RESULTS */;
/*!40101 SET COLLATION_CONNECTION=@OLD_COLLATION_CONNECTION */;
